{
  "settings": {
    "scenario": {
      "name": "ControlledEasy_v2",
      "n_total": 800,
      "rho_S": 0.2,
      "rho_W": 0.2,
      "rho_N": 0.6,
      "mu_S": 2.5,
      "mu_W": 1.0,
      "mu_N": -2.5,
      "sigma_theta": 0.35,
      "alpha_true": 0.2
    },
    "block_probs": {
      "within": 0.2,
      "between_sw": 0.03,
      "between_other": 0.005
    },
    "R": 1,
    "T": 5000,
    "BURN_IN": 1000,
    "damping": 0.85,
    "grid_size": 33,
    "init_rule": {
      "u_0": "solve(B, rep(1-d, n))",
      "Base_Line": "solve(B_star, Y)",
      "ini": "base_to_start(Base_Line)",
      "alpha_est": "alpha_find(u_0, Y, grid)"
    }
  },
  "methods": {
    "SGLD": {
      "summary": {
        "mse_theta": {
          "mean": 11.60717463095465,
          "se": 0.0,
          "values": [
            11.60717463095465
          ]
        },
        "mse_pi": {
          "mean": 0.06531446362906475,
          "se": 0.0,
          "values": [
            0.06531446362906475
          ]
        },
        "mse_calibrated": {
          "mean": 1.3369646739391376,
          "se": 0.0,
          "values": [
            1.3369646739391376
          ]
        },
        "spearman": {
          "mean": 0.7269888624825978,
          "se": 0.0,
          "values": [
            0.7269888624825978
          ]
        },
        "kendall": {
          "mean": 0.4908448060075094,
          "se": 0.0,
          "values": [
            0.4908448060075094
          ]
        },
        "topk_overlap": {
          "mean": 0.9529780564263323,
          "se": 0.0,
          "values": [
            0.9529780564263323
          ]
        },
        "ndcg_at_k": {
          "mean": 0.9246126243873214,
          "se": 0.0,
          "values": [
            0.9246126243873214
          ]
        },
        "alpha_hat": {
          "mean": 0.6428571428571429,
          "se": 0.0,
          "values": [
            0.6428571428571429
          ]
        },
        "n_obs": {
          "mean": 226.0,
          "se": 0.0,
          "values": [
            226.0
          ]
        },
        "wall_time_sec": {
          "mean": 114.80111491587013,
          "se": 0.0,
          "values": [
            114.80111491587013
          ]
        }
      },
      "trials": [
        {
          "method": "SGLD",
          "mse_theta": 11.60717463095465,
          "mse_pi": 0.06531446362906475,
          "mse_calibrated": 1.3369646739391376,
          "spearman": 0.7269888624825978,
          "kendall": 0.4908448060075094,
          "topk_overlap": 0.9529780564263323,
          "ndcg_at_k": 0.9246126243873214,
          "alpha_hat": 0.6428571428571429,
          "n_obs": 226,
          "wall_time_sec": 114.80111491587013
        }
      ]
    },
    "qSGLD": {
      "summary": {
        "mse_theta": {
          "mean": 1.718031351972138,
          "se": 0.0,
          "values": [
            1.718031351972138
          ]
        },
        "mse_pi": {
          "mean": 0.025262399231087074,
          "se": 0.0,
          "values": [
            0.025262399231087074
          ]
        },
        "mse_calibrated": {
          "mean": 1.0631166953780704,
          "se": 0.0,
          "values": [
            1.0631166953780704
          ]
        },
        "spearman": {
          "mean": 0.7469694562022754,
          "se": 0.0,
          "values": [
            0.7469694562022754
          ]
        },
        "kendall": {
          "mean": 0.5145118898623279,
          "se": 0.0,
          "values": [
            0.5145118898623279
          ]
        },
        "topk_overlap": {
          "mean": 0.9780564263322884,
          "se": 0.0,
          "values": [
            0.9780564263322884
          ]
        },
        "ndcg_at_k": {
          "mean": 0.9545897232139252,
          "se": 0.0,
          "values": [
            0.9545897232139252
          ]
        },
        "alpha_hat": {
          "mean": 0.5,
          "se": 0.0,
          "values": [
            0.5
          ]
        },
        "n_obs": {
          "mean": 226.0,
          "se": 0.0,
          "values": [
            226.0
          ]
        },
        "wall_time_sec": {
          "mean": 178.5902066589333,
          "se": 0.0,
          "values": [
            178.5902066589333
          ]
        }
      },
      "trials": [
        {
          "method": "qSGLD",
          "mse_theta": 1.718031351972138,
          "mse_pi": 0.025262399231087074,
          "mse_calibrated": 1.0631166953780704,
          "spearman": 0.7469694562022754,
          "kendall": 0.5145118898623279,
          "topk_overlap": 0.9780564263322884,
          "ndcg_at_k": 0.9545897232139252,
          "alpha_hat": 0.5,
          "n_obs": 226,
          "wall_time_sec": 178.5902066589333
        }
      ]
    },
    "cycSGLD": {
      "summary": {
        "mse_theta": {
          "mean": 5.944376281025308,
          "se": 0.0,
          "values": [
            5.944376281025308
          ]
        },
        "mse_pi": {
          "mean": 0.06008133280758455,
          "se": 0.0,
          "values": [
            0.06008133280758455
          ]
        },
        "mse_calibrated": {
          "mean": 0.5243866631743178,
          "se": 0.0,
          "values": [
            0.5243866631743178
          ]
        },
        "spearman": {
          "mean": 0.7245552727426137,
          "se": 0.0,
          "values": [
            0.7245552727426137
          ]
        },
        "kendall": {
          "mean": 0.48662077596996245,
          "se": 0.0,
          "values": [
            0.48662077596996245
          ]
        },
        "topk_overlap": {
          "mean": 0.9968652037617555,
          "se": 0.0,
          "values": [
            0.9968652037617555
          ]
        },
        "ndcg_at_k": {
          "mean": 0.9513648158023771,
          "se": 0.0,
          "values": [
            0.9513648158023771
          ]
        },
        "alpha_hat": {
          "mean": 0.5838880286380286,
          "se": 0.0,
          "values": [
            0.5838880286380286
          ]
        },
        "n_obs": {
          "mean": 226.0,
          "se": 0.0,
          "values": [
            226.0
          ]
        },
        "wall_time_sec": {
          "mean": 114.54609835287556,
          "se": 0.0,
          "values": [
            114.54609835287556
          ]
        }
      },
      "trials": [
        {
          "method": "cycSGLD",
          "mse_theta": 5.944376281025308,
          "mse_pi": 0.06008133280758455,
          "mse_calibrated": 0.5243866631743178,
          "spearman": 0.7245552727426137,
          "kendall": 0.48662077596996245,
          "topk_overlap": 0.9968652037617555,
          "ndcg_at_k": 0.9513648158023771,
          "alpha_hat": 0.5838880286380286,
          "n_obs": 226,
          "wall_time_sec": 114.54609835287556
        }
      ]
    }
  }
}