{
  "seed": 0,
  "is_multimodal": true,
  "spreads": {
    "S": {
      "min": -0.4929750189776681,
      "max": 2.430505658625472,
      "range": 2.9234806776031403
    },
    "W": {
      "min": -0.48800749115724884,
      "max": 2.4371638157781366,
      "range": 2.9251713069353853
    },
    "N": {
      "min": -0.6394346564794221,
      "max": 2.4546659188954245,
      "range": 3.0941005753748465
    }
  },
  "results": {
    "ini_N": {
      "init_mean": -0.8,
      "init_std": 0.0,
      "final_group_mean": {
        "S": -0.4929750189776681,
        "W": -0.48800749115724884,
        "N": -0.6394346564794221
      },
      "final_alpha": 0.5,
      "final_energy": 307.0041519344197,
      "mse_truth": 2.2939532955755295
    },
    "ini_W": {
      "init_mean": 1.0,
      "init_std": 0.0,
      "final_group_mean": {
        "S": 1.0245126918207077,
        "W": 1.0299903433214006,
        "N": 0.9687800953598387
      },
      "final_alpha": 0.5,
      "final_energy": 262.3463353638932,
      "mse_truth": 2.3689797163563266
    },
    "ini_S": {
      "init_mean": 2.5,
      "init_std": 0.0,
      "final_group_mean": {
        "S": 2.430505658625472,
        "W": 2.4371638157781366,
        "N": 2.4546659188954245
      },
      "final_alpha": 0.5833333333333334,
      "final_energy": 275.07630793245676,
      "mse_truth": 6.877236399792841
    },
    "ini_zero": {
      "init_mean": 0.0,
      "init_std": 0.0,
      "final_group_mean": {
        "S": 0.16408259174556095,
        "W": 0.16945944239544747,
        "N": 0.05443108597354518
      },
      "final_alpha": 0.5,
      "final_energy": 273.25075353201163,
      "mse_truth": 1.7119605572202783
    },
    "ini_truth": {
      "init_mean": 0.21091485210367536,
      "init_std": 1.3458988047784635,
      "final_group_mean": {
        "S": 2.3578846602746184,
        "W": 0.9810077344389626,
        "N": -0.6175894493538265
      },
      "final_alpha": 0.5,
      "final_energy": 282.7641816779193,
      "mse_truth": 0.10880080868913858
    },
    "ini_rand0": {
      "init_mean": -0.09723724479625602,
      "init_std": 1.6664332598766567,
      "final_group_mean": {
        "S": 0.047388613312219975,
        "W": -0.025125614932746936,
        "N": 0.0534060953057379
      },
      "final_alpha": 0.5,
      "final_energy": 290.4997486907554,
      "mse_truth": 1.927081996384019
    },
    "ini_rand1": {
      "init_mean": 0.032305796908118856,
      "init_std": 1.7447552419352133,
      "final_group_mean": {
        "S": 0.1643189478737154,
        "W": 0.3391035004672173,
        "N": 0.07299282771199644
      },
      "final_alpha": 0.5,
      "final_energy": 285.9233862260033,
      "mse_truth": 1.715974876748892
    },
    "ini_rand2": {
      "init_mean": 0.06210271724399767,
      "init_std": 1.7187637385523615,
      "final_group_mean": {
        "S": 0.3142915794771257,
        "W": 0.3403742261604784,
        "N": 0.04330755362748443
      },
      "final_alpha": 0.5,
      "final_energy": 285.0121098889783,
      "mse_truth": 1.5629424647289716
    }
  },
  "settings": {
    "n_steps": 800,
    "lr_base": 0.02,
    "sigma2_fixed": 0.5,
    "damping": 0.9,
    "p_in": 0.4,
    "p_out": 0.005,
    "flip_rate_S_to_0": 0.3,
    "flip_rate_N_to_1": 0.1
  }
}