{
  "settings": {
    "scenario": {
      "name": "MinibatchEasy_n1500",
      "n_total": 1500,
      "rho_S": 0.2,
      "rho_W": 0.2,
      "rho_N": 0.6,
      "mu_S": 2.5,
      "mu_W": 1.0,
      "mu_N": -2.5,
      "sigma_theta": 0.35,
      "alpha_true": 0.2
    },
    "block_probs": {
      "within": 0.2,
      "between_sw": 0.03,
      "between_other": 0.005
    },
    "R": 2,
    "T": 5000,
    "BURN_IN": 1000,
    "damping": 0.85,
    "grid_size": 33,
    "awsgld_batch_sizes": [
      null,
      750,
      300,
      100
    ]
  },
  "methods": {
    "acMH": {
      "summary": {
        "mse_theta": {
          "mean": 2.2893185359864057,
          "std": 0.2073920668507754,
          "values": [
            2.1426701991519286,
            2.4359668728208828
          ]
        },
        "mse_pi": {
          "mean": 0.030186089518615213,
          "std": 0.003707819705443637,
          "values": [
            0.02756426506147891,
            0.032807913975751515
          ]
        },
        "mse_calibrated": {
          "mean": 1.0253050131160149,
          "std": 0.06632144125585052,
          "values": [
            0.9784086722659376,
            1.072201353966092
          ]
        },
        "spearman": {
          "mean": 0.730964129317391,
          "std": 0.008122431725228897,
          "values": [
            0.7252207027647568,
            0.736707555870025
          ]
        },
        "kendall": {
          "mean": 0.4968521236379808,
          "std": 0.013361597918191742,
          "values": [
            0.4874040471425394,
            0.5063002001334223
          ]
        },
        "topk_overlap": {
          "mean": 0.9766666666666666,
          "std": 0.009428090415820616,
          "values": [
            0.9833333333333333,
            0.97
          ]
        },
        "ndcg_at_k": {
          "mean": 0.9530732516992239,
          "std": 0.0003602247215600237,
          "values": [
            0.95332796904259,
            0.9528185343558577
          ]
        },
        "alpha_hat": {
          "mean": 0.5,
          "std": 0.0,
          "values": [
            0.5,
            0.5
          ]
        },
        "n_obs": {
          "mean": 443.5,
          "std": 3.5355339059327378,
          "values": [
            441.0,
            446.0
          ]
        },
        "wall_time_sec": {
          "mean": 3121.6398537685163,
          "std": 417.3767057772945,
          "values": [
            3416.7697527329437,
            2826.509954804089
          ]
        }
      },
      "trials": [
        {
          "method": "acMH",
          "mse_theta": 2.1426701991519286,
          "mse_pi": 0.02756426506147891,
          "mse_calibrated": 0.9784086722659376,
          "spearman": 0.7252207027647568,
          "kendall": 0.4874040471425394,
          "topk_overlap": 0.9833333333333333,
          "ndcg_at_k": 0.95332796904259,
          "alpha_hat": 0.5,
          "n_obs": 441,
          "wall_time_sec": 3416.7697527329437
        },
        {
          "method": "acMH",
          "mse_theta": 2.4359668728208828,
          "mse_pi": 0.032807913975751515,
          "mse_calibrated": 1.072201353966092,
          "spearman": 0.736707555870025,
          "kendall": 0.5063002001334223,
          "topk_overlap": 0.97,
          "ndcg_at_k": 0.9528185343558577,
          "alpha_hat": 0.5,
          "n_obs": 446,
          "wall_time_sec": 2826.509954804089
        }
      ]
    },
    "AWSGLD_full": {
      "summary": {
        "mse_theta": {
          "mean": 2.521102142442656,
          "std": 0.018713804576670233,
          "values": [
            2.5343348005606194,
            2.5078694843246927
          ]
        },
        "mse_pi": {
          "mean": 0.03846304482401792,
          "std": 0.0006853457667874591,
          "values": [
            0.038947657463170825,
            0.03797843218486501
          ]
        },
        "mse_calibrated": {
          "mean": 0.3139874774675192,
          "std": 0.03617785386862472,
          "values": [
            0.3395690832667997,
            0.28840587166823867
          ]
        },
        "spearman": {
          "mean": 0.7538423617077163,
          "std": 0.007660279098431286,
          "values": [
            0.748425726411434,
            0.7592589970039987
          ]
        },
        "kendall": {
          "mean": 0.5317180342450523,
          "std": 0.013145236136801294,
          "values": [
            0.5224229486324216,
            0.5410131198576829
          ]
        },
        "topk_overlap": {
          "mean": 1.0,
          "std": 0.0,
          "values": [
            1.0,
            1.0
          ]
        },
        "ndcg_at_k": {
          "mean": 0.9742924457234607,
          "std": 0.0049030392526788905,
          "values": [
            0.9708254734194677,
            0.9777594180274538
          ]
        },
        "alpha_hat": {
          "mean": 0.5,
          "std": 0.0,
          "values": [
            0.5,
            0.5
          ]
        },
        "n_obs": {
          "mean": 443.5,
          "std": 3.5355339059327378,
          "values": [
            441.0,
            446.0
          ]
        },
        "wall_time_sec": {
          "mean": 70.08663329202682,
          "std": 40.16460648029592,
          "values": [
            98.48729889793321,
            41.68596768612042
          ]
        }
      },
      "trials": [
        {
          "method": "AWSGLD_full",
          "mse_theta": 2.5343348005606194,
          "mse_pi": 0.038947657463170825,
          "mse_calibrated": 0.3395690832667997,
          "spearman": 0.748425726411434,
          "kendall": 0.5224229486324216,
          "topk_overlap": 1.0,
          "ndcg_at_k": 0.9708254734194677,
          "alpha_hat": 0.5,
          "n_obs": 441,
          "wall_time_sec": 98.48729889793321
        },
        {
          "method": "AWSGLD_full",
          "mse_theta": 2.5078694843246927,
          "mse_pi": 0.03797843218486501,
          "mse_calibrated": 0.28840587166823867,
          "spearman": 0.7592589970039987,
          "kendall": 0.5410131198576829,
          "topk_overlap": 1.0,
          "ndcg_at_k": 0.9777594180274538,
          "alpha_hat": 0.5,
          "n_obs": 446,
          "wall_time_sec": 41.68596768612042
        }
      ]
    },
    "AWSGLD_b750": {
      "summary": {
        "mse_theta": {
          "mean": 2.548989720888483,
          "std": 0.019830701133663146,
          "values": [
            2.56301214413578,
            2.534967297641186
          ]
        },
        "mse_pi": {
          "mean": 0.03852402427341508,
          "std": 0.000517753946982712,
          "values": [
            0.038890131600312655,
            0.0381579169465175
          ]
        },
        "mse_calibrated": {
          "mean": 0.31634015442660324,
          "std": 0.02561827005448365,
          "values": [
            0.3344550069043969,
            0.2982253019488096
          ]
        },
        "spearman": {
          "mean": 0.7615331669036298,
          "std": 0.016271327483477194,
          "values": [
            0.750027600901156,
            0.7730387329061036
          ]
        },
        "kendall": {
          "mean": 0.5407765176784523,
          "std": 0.020473862522734674,
          "values": [
            0.5262993106515454,
            0.555253724705359
          ]
        },
        "topk_overlap": {
          "mean": 1.0,
          "std": 0.0,
          "values": [
            1.0,
            1.0
          ]
        },
        "ndcg_at_k": {
          "mean": 0.9752913051810576,
          "std": 0.0040713011297003375,
          "values": [
            0.972412460543994,
            0.9781701498181211
          ]
        },
        "alpha_hat": {
          "mean": 0.5,
          "std": 0.0,
          "values": [
            0.5,
            0.5
          ]
        },
        "n_obs": {
          "mean": 443.5,