{
  "settings": {
    "R": 3,
    "T": 2000,
    "BURN_IN": 200,
    "SIGMA_THETA": 1.0,
    "n": 538
  },
  "scenarios": {
    "Easy": {
      "alpha_true": 0.1,
      "mu_S": 2.5,
      "mu_W": 1.0,
      "mu_N": -2.5,
      "rho_S": 0.19,
      "rho_W": 0.19,
      "rho_N": 0.62,
      "MSE_theta_mean": 3.3854760003554225,
      "MSE_theta_SE": 0.101601177983927,
      "MSE_pi_mean": 0.07413503694481896,
      "MSE_pi_SE": 0.0008212790448113824,
      "alpha_bias_mean": 0.09761349654739483,
      "alpha_RMSE": 0.10089682821944469,
      "alpha_hat_mean": 0.19761349654739482,
      "accept_rate_mean": 0.12033333333333333,
      "trials": [
        {
          "mse_theta": 3.612718208310425,
          "mse_pi": 0.07604584277851219,
          "alpha_hat": 0.19192806026365342,
          "alpha_bias": 0.09192806026365341,
          "accept_rate": 0.1255,
          "n_Y_true": 203,
          "n_Y_obs": 183
        },
        {
          "mse_theta": 3.1839724103664935,
          "mse_pi": 0.07263478311996972,
          "alpha_hat": 0.23133370998116765,
          "alpha_bias": 0.13133370998116764,
          "accept_rate": 0.1135,
          "n_Y_true": 200,
          "n_Y_obs": 180
        },
        {
          "mse_theta": 3.359737382389349,
          "mse_pi": 0.07372448493597497,
          "alpha_hat": 0.16957871939736346,
          "alpha_bias": 0.06957871939736346,
          "accept_rate": 0.122,
          "n_Y_true": 206,
          "n_Y_obs": 185
        }
      ]
    },
    "Moderate": {
      "alpha_true": 0.3,
      "mu_S": 2.2,
      "mu_W": 0.5,
      "mu_N": -2.0,
      "rho_S": 0.19,
      "rho_W": 0.19,
      "rho_N": 0.62,
      "MSE_theta_mean": 3.000228894467737,
      "MSE_theta_SE": 0.10799091567633627,
      "MSE_pi_mean": 0.07581750970543495,
      "MSE_pi_SE": 0.0017393237501508738,
      "alpha_bias_mean": 0.0884694915254237,
      "alpha_RMSE": 0.09082127502249199,
      "alpha_hat_mean": 0.38846949152542365,
      "accept_rate_mean": 0.1175,
      "trials": [
        {
          "mse_theta": 3.2629496519520242,
          "mse_pi": 0.07987805695563606,
          "alpha_hat": 0.397683615819209,
          "alpha_bias": 0.09768361581920904,
          "accept_rate": 0.106,
          "n_Y_true": 198,
          "n_Y_obs": 139
        },
        {
          "mse_theta": 2.8955616440346317,
          "mse_pi": 0.07490418684332181,
          "alpha_hat": 0.4077120527306968,
          "alpha_bias": 0.10771205273069678,
          "accept_rate": 0.1225,
          "n_Y_true": 197,
          "n_Y_obs": 138
        },
        {
          "mse_theta": 2.842175387416555,
          "mse_pi": 0.07267028531734697,
          "alpha_hat": 0.36001280602636526,
          "alpha_bias": 0.06001280602636527,
          "accept_rate": 0.124,
          "n_Y_true": 215,
          "n_Y_obs": 150
        }
      ]
    },
    "Difficult": {
      "alpha_true": 0.5,
      "mu_S": 1.5,
      "mu_W": 0.0,
      "mu_N": -1.0,
      "rho_S": 0.19,
      "rho_W": 0.19,
      "rho_N": 0.62,
      "MSE_theta_mean": 1.512339593956356,
      "MSE_theta_SE": 0.10724381303293452,
      "MSE_pi_mean": 0.050185188513025114,
      "MSE_pi_SE": 0.0028735799645627697,
      "alpha_bias_mean": -0.011013057124921621,
      "alpha_RMSE": 0.014931495343360586,
      "alpha_hat_mean": 0.4889869428750784,
      "accept_rate_mean": 0.12,
      "trials": [
        {
          "mse_theta": 1.76672708786178,
          "mse_pi": 0.05650120561933021,
          "alpha_hat": 0.49451600753295655,
          "alpha_bias": -0.0054839924670434526,
          "accept_rate": 0.1265,
          "n_Y_true": 235,
          "n_Y_obs": 118
        },
        {
          "mse_theta": 1.4418980422094858,
          "mse_pi": 0.04971781633291902,
          "alpha_hat": 0.474839736346516,
          "alpha_bias": -0.025160263653484005,
          "accept_rate": 0.124,
          "n_Y_true": 252,
          "n_Y_obs": 126
        },
        {
          "mse_theta": 1.3283936517978023,
          "mse_pi": 0.04433654358682611,
          "alpha_hat": 0.4976050847457626,
          "alpha_bias": -0.0023949152542374064,
          "accept_rate": 0.1095,
          "n_Y_true": 232,
          "n_Y_obs": 116
        }
      ]
    },
    "Sparse": {
      "alpha_true": 0.3,
      "mu_S": 2.2,
      "mu_W": 0.5,
      "mu_N": -2.0,
      "rho_S": 0.125,
      "rho_W": 0.125,
      "rho_N": 0.75,
      "MSE_theta_mean": 3.2353155566350007,
      "MSE_theta_SE": 0.1054355373778394,
      "MSE_pi_mean": 0.08239957686696382,
      "MSE_pi_SE": 0.0021593781873203654,
      "alpha_bias_mean": 0.19574632768361577,
      "alpha_RMSE": 0.19705010018521868,
      "alpha_hat_mean": 0.49574632768361576,
      "accept_rate_mean": 0.126,
      "trials": [
        {
          "mse_theta": 3.484956587952908,
          "mse_pi": 0.08442202547669764,
          "alpha_hat": 0.5097843691148775,
          "alpha_bias": 0.20978436911487747,
          "accept_rate": 0.137,
          "n_Y_true": 159,
          "n_Y_obs": 111
        },
        {
          "mse_theta": 3.1678051888696834,
          "mse_pi": 0.0856210101099239,
          "alpha_hat": 0.5136346516007532,
          "alpha_bias": 0.21363465160075318,
          "accept_rate": 0.1235,
          "n_Y_true": 161,
          "n_Y_obs": 113
        },
        {
          "mse_theta": 3.0531848930824097,
          "mse_pi": 0.07715569501426993,
          "alpha_hat": 0.46381996233521666,
          "alpha_bias": 0.16381996233521667,
          "accept_rate": 0.1175,
          "n_Y_true": 168,
          "n_Y_obs": 118
        }
      ]
    }
  }
}