seed,method,minU,gap,pidist,pirms,spear,topk,ndcg,mse,auc,time
0,SGLD,916.1175096766142,313.49992921649823,7.524841472736691,0.23795638085543763,0.026426150426150426,0.5499058380414312,0.5458336729040838,1.681766787043092,0.5223117664301575,0.31468892097473145
0,qSGLD,604.1922003834801,1.5746199233641391,0.38497335124671694,0.012173926284076476,0.8559116559116559,0.879472693032015,0.9001548105517359,0.7579068444231414,0.9510317661089227,0.6211225986480713
0,cycSGLD,605.5739238814017,2.9563434212857373,1.3095078536079765,0.04141027431279549,0.8142878382878382,0.8700564971751412,0.8900124241618441,0.6819614030246756,0.9339942739892145,0.3170351982116699
0,SGHMC,624.7339720095808,22.11639154946488,3.6416237574665704,0.11515825454974969,0.5886679806679808,0.751412429378531,0.7785447476743845,0.902014660151614,0.8199077252960381,0.3159444332122803
0,AWSGLD,603.6221270837262,1.0045466236102811,0.3031296109577822,0.009585799968673266,0.8600044760044762,0.8851224105461394,0.9049798256487467,0.7597212342185626,0.9527222643842932,0.8125872611999512
0,acMH,632.4904351992452,29.872854739129252,4.3105223189795305,0.13631068432966167,0.6687742047742048,0.768361581920904,0.8049559450783279,1.8976444348822552,0.8459438079979441,172.84611749649048
1,SGLD,910.5477986264762,306.4459095034746,7.2411290738147756,0.22898460704520215,0.10406243606243606,0.5891891891891892,0.6011175385459512,1.5335963897292686,0.5544852717886426,0.3054008483886719
1,qSGLD,605.6940252242331,1.5921361012315174,0.3879351167135267,0.012267585531779982,0.8222119262119262,0.8684684684684685,0.8917618985687313,0.7596044527350798,0.9399250936329587,0.5753307342529297
1,cycSGLD,606.9177455428262,2.8158564198246268,1.3645390275514753,0.04315051283253915,0.7857011097011098,0.8450450450450451,0.8703624115254606,0.6654156490779265,0.9222026520902925,0.31917476654052734
1,SGHMC,621.3476709720936,17.245781849092054,3.3235002981145465,0.10509830746290579,0.6740929820929821,0.8018018018018018,0.8252060107319836,0.7662121391016681,0.8590262172284644,0.30982398986816406
1,AWSGLD,605.1034513383926,1.0015622153910044,0.30539389821068974,0.009657403018634002,0.8221989301989302,0.8648648648648649,0.8891892046965777,0.7630856369127172,0.9414880048587912,0.7510647773742676
1,acMH,631.5609809975015,27.459091874499904,3.449818636008766,0.10909284404283073,0.6439140079140079,0.7783783783783784,0.8170012485426426,1.5470147998103418,0.8360927219354186,172.76190638542175
2,SGLD,890.3714818485186,301.543304855903,7.186742334996349,0.22726474735345287,0.11882175482175483,0.6018348623853211,0.6173862380399272,1.4958614664485645,0.5775904829115839,0.2998039722442627
2,qSGLD,590.435072312443,1.6068953198274585,0.38815294575110226,0.012274473890772596,0.8470150270150271,0.8477064220183487,0.8763901037701646,0.8021278977670224,0.9427845548946466,0.5458722114562988
2,cycSGLD,591.8301139541435,3.0019369615279174,1.5018581217651583,0.04749292387200402,0.8386408546408548,0.8440366972477065,0.872660334747959,0.660987259117687,0.9387962496219376,0.3015296459197998
2,SGHMC,606.1132698087613,17.28509281614572,3.4088597200751938,0.10779760939441621,0.6822312342312342,0.8293577981651377,0.852529210037303,0.7644119229639367,0.8628611755217261,0.3051943778991699
2,AWSGLD,589.8346541378003,1.0064771451847037,0.30710433566586504,0.00971149180017016,0.8463368583368585,0.8495412844036697,0.8778268258335404,0.800658599321666,0.9430224821050509,0.7291758060455322
2,acMH,614.4803479407165,25.65217094810089,3.335094196024788,0.10546493870646412,0.6078741078741079,0.7486238532110092,0.7892616009625698,1.598852482699743,0.809779211614074,169.38046622276306
3,SGLD,909.6790904962568,310.40212737917955,7.314107336153512,0.23129238233191907,0.040997296997297,0.5812720848056537,0.5821996970996506,1.6516242468290825,0.5300923287358942,0.3001744747161865
3,qSGLD,600.9341828378806,1.6572197208033685,0.3963910549232861,0.012534985776744847,0.8562101922101922,0.8657243816254417,0.8909660992739177,0.6413680344242128,0.9494960186285846,0.553239107131958
3,cycSGLD,602.418127098628,3.1411639815507897,1.3484075482644282,0.04264039066679017,0.8074852114852116,0.8586572438162544,0.8825830913727851,0.6143004620622006,0.9338188598133885,0.30071330070495605
3,SGHMC,618.3013434332619,19.024380316184647,3.403006354383656,0.10761250971878475,0.6366043926043926,0.8021201413427562,0.827221562429814,0.8145886746056299,0.8473074856296103,0.30498552322387695
3,AWSGLD,600.2941333644009,1.0171702473236337,0.319685666384798,0.010109348410846881,0.8530692610692611,0.8657243816254417,0.8908825229175634,0.6509995886094481,0.9469394733842471,0.7332451343536377
3,acMH,628.7728643571031,29.495901240025887,3.6110129959200106,0.11419025727575541,0.7238481998481999,0.8127208480565371,0.8441774848257644,1.443732385863376,0.8667909657878883,168.0325162410736
4,SGLD,895.3108033025243,305.50062700717933,7.23910998112908,0.22892075772826428,0.025753561753561756,0.5155642023346303,0.5311396199893729,1.6352070236016971,0.5117372019663415,0.3041565418243408
4,qSGLD,591.3880654623229,1.5778891669779114,0.39674878337598257,0.012546298143688532,0.859091263091263,0.8754863813229572,0.8984997998894095,0.5997250584463609,0.952026388688732,0.5720741748809814
4,cycSGLD,592.7363052631515,2.9261289678065623,1.245808535116992,0.03939592499447558,0.8172853572853572,0.8443579766536965,0.8702503761968401,0.5992069060190122,0.9290083425405519,0.3058614730834961
4,SGHMC,610.9989627102512,21.188786414906303,3.4995570364710464,0.11066571036917447,0.5916231516231516,0.7626459143968871,0.7934519045175424,0.8443883325310522,0.809018270323934,0.30912232398986816
4,AWSGLD,590.8160518233356,1.0058755279906109,0.30752323798051695,0.009724738654484328,0.8591442911442913,0.8715953307392996,0.8953272857777084,0.5986071214052561,0.9526308625962755,0.7632794380187988
4,acMH,623.8434483287443,34.033272033399385,4.546996782498816,0.14378866346153507,0.6137352857352858,0.7490272373540856,0.7875110970025802,1.6556979555236628,0.8228210917359209,171.57818913459778
5,SGLD,896.4949447543629,303.3106079349326,7.116085666075019,0.22503038729673455,0.11611694011694013,0.6096256684491979,0.6033766019868032,1.5157405472227692,0.5633367034948169,0.29947900772094727
5,qSGLD,594.829591733157,1.645254913726717,0.39359243024314294,0.012446485493692724,0.8623968103968105,0.8805704099821747,0.9024548580745801,0.5741527099367045,0.9528624040214554,0.5409295558929443
5,cycSGLD,596.0429062191124,2.8585693996820964,1.2692157973409777,0.04013612761864172,0.8356074196074198,0.8609625668449198,0.8852602346071344,0.528244807793576,0.9388254784208154,0.29985690116882324
5,SGHMC,611.6708319612891,18.486495141858768,3.2667950190032573,0.10330512908943336,0.7012020652020653,0.8253119429590018,0.849111682684348,0.7233659500424677,0.8689900478725348,0.30287599563598633
5,AWSGLD,594.1844290364153,1.0000922169849673,0.30959947150225847,0.009790394923315288,0.8666901626901626,0.8823529411764706,0.9040371316563077,0.5712536913370986,0.9516645755423726,0.7333450317382812
5,acMH,624.7862000981504,31.60186327872009,4.412404172679978,0.13953247142899636,0.7184886464886465,0.8128342245989305,0.8423942841001636,1.603378839724141,0.8722018523706853,168.99419403076172
6,SGLD,915.2315885638686,306.87312077315744,7.037939312771672,0.22255918262398658,0.07287502887502888,0.5711711711711712,0.5820739201261456,1.6022050920134252,0.5354752505314303,0.30292201042175293
6,qSGLD,609.8832568938406,1.5247891031293648,0.3832335245117168,0.012118908131909932,0.8387782547782549,0.8486486486486486,0.8765592973241693,0.6462807227412263,0.9346492559975705,0.5677251815795898
6,cycSGLD,610.9612568385644,2.602789047853207,1.1278765275050109,0.03566658746357383,0.7962360642360642,0.8414414414414414,0.8675176204539068,0.6629262563694274,0.9157040186253669,0.3063812255859375
6,SGHMC,627.2707767550625,18.91230896435127,3.206334705234191,0.1013932060938465,0.5905103305103306,0.7711711711711712,0.7999231558482296,0.8846114700701284,0.8074339508047375,0.3078272342681885
6,AWSGLD,609.3587374897515,1.0002696990403592,0.31027847469617614,0.009811866889628375,0.8393009393009394,0.8450450450450451,0.873630036311016,0.6475175987794641,0.9336896447008807,0.7638828754425049
6,acMH,643.9967031029423,35.63823531223113,4.174620098733121,0.13201307877913665,0.5656111096111097,0.7225225225225225,0.7613559148813035,1.602083911295974,0.7716084623949793,170.3619740009308
7,SGLD,924.3898191033987,312.7491221751443,7.379440213891071,0.233358389329359,0.07512651912651913,0.5776965265082267,0.5800539502433862,1.6369466684127834,0.5346441154037072,0.3042449951171875
7,qSGLD,613.2307680963108,1.5900711680563973,0.38142375162059394,0.012061678088074169,0.8487919527919529,0.8610603290676416,0.8867618061267932,0.6523680977650436,0.942128648740269,0.5676887035369873
7,cycSGLD,614.6824722941251,3.041775365870649,1.2351060233445847,0.03905748185561986,0.8047710727710727,0.8409506398537477,0.867303440636051,0.6379770234914697,0.917967157806377,0.30538177490234375
7,SGHMC,633.2624857973192,21.621788869064744,3.494844543803881,0.11051668826632363,0.6174007014007015,0.7806215722120659,0.808257608846655,0.8681929049760114,0.8196786808237588,0.3079984188079834
7,AWSGLD,612.6466701716671,1.0059732434126545,0.30571731353896187,0.00966763030930951,0.8498451818451819,0.8592321755027422,0.8855543029887605,0.6449273523088036,0.9459060256425779,0.7533411979675293
7,acMH,648.8203279839421,37.17963105568765,4.452383684609727,0.14079673460339517,0.6561153441153442,0.793418647166362,0.8221585428171705,1.6884322631749924,0.841737593375062,172.0246877670288
8,SGLD,926.2075473983626,311.6854547798979,7.563574716645685,0.2391812335746303,0.1537802497802498,0.6083032490974729,0.6064392443142461,1.4356735867122605,0.5764760162535818,0.30124330520629883
8,qSGLD,616.1271024920258,1.6050098735610163,0.380638486985661,0.012036845839950482,0.8457099057099057,0.868231046931408,0.891260406092438,0.8018174991238256,0.9391097764323064,0.5683937072753906
8,cycSGLD,618.1108501506084,3.5887575321436316,1.6078135378327134,0.05084352832404677,0.7812402492402493,0.8628158844765343,0.8820314148334187,0.6755343542104413,0.9081486458046657,0.29976511001586914
8,SGHMC,635.6116800933336,21.089587474868836,3.8040088760557094,0.12029332287833197,0.6259053979053979,0.7545126353790613,0.7815474092169231,0.7785298577269971,0.8215667546259572,0.30084896087646484
8,AWSGLD,615.5298295786389,1.0077369601741566,0.3032118257506232,0.009588399828700633,0.8476290076290076,0.8664259927797834,0.8896825201865597,0.797223344533949,0.9386403004646193,0.7653443813323975
8,acMH,642.6840144635739,28.16192184510919,3.4146666990294636,0.10798124219261776,0.6873622833622834,0.7978339350180506,0.8244801527765232,1.58975610382807,0.8542722313059526,168.97706723213196
9,SGLD,916.6784740436699,313.666341804224,7.388117352371434,0.2336327845410654,-0.013678129678129678,0.5467625899280576,0.5431626193716397,1.7239645177906227,0.4921090154903105,0.29822397232055664
9,qSGLD,604.6592997329465,1.6471674935005467,0.39774954232903886,0.012577944920493168,0.8496101136101137,0.841726618705036,0.8708045223874421,0.7419969523201998,0.9379698943547864,0.5389981269836426
9,cycSGLD,606.2821738603083,3.2700416208623437,1.3955196541308945,0.04413020626584031,0.8072982152982153,0.8309352517985612,0.8591157622288608,0.7139634141676313,0.9210010370082311,0.29773974418640137
9,SGHMC,624.1325877594331,21.120455519987217,3.6197369516046836,0.11446613297745481,0.49372630972630976,0.7212230215827338,0.7563100543828215,0.9481415898041914,0.7534310389526216,0.3006925582885742
9,AWSGLD,604.014050160171,1.0019179207250772,0.30943281560366126,0.009785124801064596,0.8469965829965831,0.8381294964028777,0.8681233600585997,0.7435643718926083,0.9362077905243372,0.727869987487793
9,acMH,631.0404865677207,28.02835432827476,3.6443961006071004,0.11524592373754589,0.6173711333711334,0.762589928057554,0.7995450851750618,1.637906511953739,0.8183048156069739,169.62023663520813
10,SGLD,923.4951538079126,314.028131795768,7.623288335117361,0.2410695439916383,0.08064522864522865,0.5769944341372912,0.584967962776241,1.5763230805058543,0.5476680121861405,0.3029615879058838
10,qSGLD,611.1236624446896,1.6566404325449184,0.39479826802830453,0.012484617432590757,0.8637861597861598,0.8534322820037106,0.881091755931267,0.6970843169874368,0.9437377001678211,0.5711550712585449
10,cycSGLD,613.175428864298,3.7084068521534164,1.4893850227236478,0.04709848984748365,0.8387554187554188,0.8423005565862709,0.8706033129732436,0.6135154069842259,0.9288672282164689,0.30206799507141113
10,SGHMC,632.8769138302583,23.409891818113692,3.8150607982245353,0.12064281534409593,0.646932598932599,0.7625231910946196,0.7943638689503856,0.8004499343500368,0.8342274397433989,0.3127171993255615
10,AWSGLD,610.4683597633241,1.0013377511794488,0.31183453945819267,0.009861073977975377,0.8635796395796397,0.8534322820037106,0.8811591200711592,0.6975598206574071,0.9454239593687999,0.7507960796356201
10,acMH,639.561852199983,30.094830187838397,3.939682662337309,0.12458370471261956,0.6972921132921133,0.7940630797773655,0.8296086528294859,1.649173368864229,0.8600928046233283,171.29213070869446
11,SGLD,907.4196227939046,304.1672016338388,7.314129698807024,0.23129308950111527,0.07416901416901418,0.5982456140350877,0.6033574591886697,1.5833662885155846,0.5529171766625867,0.30099916458129883
11,qSGLD,604.8906003403878,1.638179180321913,0.3924325225211228,0.012409805990920711,0.8226874986874988,0.8789473684210526,0.8965291337419163,0.6969175459978587,0.9291799265605875,0.5519418716430664
11,cycSGLD,606.6879153938294,3.4354942337635066,1.520158044608081,0.048071618243893804,0.7687482607482609,0.8701754385964913,0.885520880048111,0.6493726965955842,0.9041493268053855,0.2998199462890625
11,SGHMC,622.4342937442098,19.18187258414389,3.5722091019970215,0.11296317040695326,0.5848308688308689,0.7666666666666667,0.7733376777562071,0.8141040003374226,0.8121297429620562,0.30654144287109375
11,AWSGLD,604.2595821332836,1.0071609732177649,0.3118633585995506,0.009861985319244392,0.8271456591456593,0.8807017543859649,0.8984333967267591,0.7062359144759961,0.931750305997552,0.744133710861206
11,acMH,631.8816758613477,28.629254701281866,3.7131703301446013,0.1174207558341632,0.723931071931072,0.8263157894736842,0.8523361793391669,1.5492467356819966,0.8806201550387597,169.30186796188354
12,SGLD,914.5652891376415,301.4881014624816,6.896556397857663,0.21808826229036596,0.13032771432771434,0.5874769797421732,0.5835905973398239,1.5539245834971007,0.555577047845868,0.3035104274749756
12,qSGLD,614.6728347153438,1.5956470401839624,0.3931028731676534,0.012431004339660743,0.8154284394284395,0.860036832412523,0.8833480583055979,0.7638586709195913,0.9339515053334462,0.5695009231567383
12,cycSGLD,615.6592604737357,2.5820727985758367,1.1431652725604642,0.036150060032982524,0.7844490404490405,0.858195211786372,0.8790462840961591,0.7211771965890716,0.9200889780818937,0.3046553134918213
12,SGHMC,629.3348446602514,16.257656985091558,3.0112369190603925,0.09522367238618938,0.6372360132360133,0.7734806629834254,0.8024008783933546,0.8415493754769576,0.8390254320957804,0.30613088607788086
12,AWSGLD,614.0873136241576,1.010125948997711,0.3108822599873921,0.00983096025700788,0.8132994932994934,0.860036832412523,0.88282687220694,0.7564181584916289,0.9322348086447364,0.754375696182251
12,acMH,645.0101193987196,31.932931723559705,3.804005920577371,0.12029322941790072,0.5984506904506904,0.7771639042357275,0.8129811127645732,1.6491817514754965,0.8193599864598571,170.65900897979736
13,SGLD,920.423130995767,302.9741627652048,7.121415362306121,0.22519892709000552,0.10982536982536983,0.6010733452593918,0.6020624616637827,1.5118319582009363,0.5596931676665895,0.30660319328308105
13,qSGLD,619.0395757516354,1.5906075210732524,0.38937045595812586,0.012312974944059574,0.8300225780225782,0.8193202146690519,0.8527467767524216,0.713806560091718,0.9196370259493183,0.569373607635498
13,cycSGLD,620.0608057393374,2.6118375087752383,1.2174997818507218,0.038500723614064127,0.8194829434829435,0.815742397137746,0.8489714559126197,0.6361209110973362,0.914359542266519,0.30547356605529785
13,SGHMC,635.1206713793057,17.671703148743518,3.21341479281572,0.10161709812175752,0.6237005757005758,0.7853309481216458,0.8145730557406011,0.7684176316902664,0.8115317683423996,0.30681419372558594
13,AWSGLD,618.4556091081929,1.0066408776307298,0.30851103334912355,0.009755975486753953,0.8308153708153709,0.815742397137746,0.8499649951099766,0.7067539420532494,0.9203022890730532,0.7550637722015381
13,acMH,649.6711163353588,32.22214810479659,3.6025172469003444,0.11392159810244251,0.6672797592797592,0.7853309481216458,0.818417903653945,1.5240748822135899,0.8377488144930006,173.81452798843384
14,SGLD,926.3637580979979,313.54968741381924,7.612785645514165,0.24073741978459956,0.026430518430518433,0.565377532228361,0.5731386409546688,1.7023048509570704,0.5171125645272435,0.29980945587158203
14,qSGLD,614.4719664456078,1.6578957614291312,0.38793629419601483,0.012267622767045658,0.8532569532569534,0.8729281767955801,0.8970058430129103,0.8634870725039641,0.9530608379575339,0.5688798427581787
14,cycSGLD,616.3998599485116,3.5857892643329023,1.525827974047028,0.04825091715588895,0.8231995031995033,0.858195211786372,0.8833652754459999,0.7463448396384388,0.9413260474469174,0.3010826110839844
14,SGHMC,634.7003213820507,21.886250697872015,3.783117656982079,0.11963268452462969,0.5820279420279421,0.7661141804788214,0.7979014146725196,0.9321863391149205,0.8135852767065215,0.30352091789245605
14,AWSGLD,613.8275850458973,1.0135143617186486,0.29787318339754604,0.009419577134212985,0.8539002379002378,0.8655616942909761,0.891127155907547,0.8541799782787928,0.9510217569141369,0.7571961879730225
14,acMH,639.1393202658068,26.3252495816281,3.6380395297645007,0.11504491131783756,0.7077635877635877,0.8121546961325967,0.8450214898894997,1.8227745966576598,0.8731538458438612,169.67031836509705
15,SGLD,913.8712487703148,312.04206892484353,7.214030031536567,0.2281276600851188,0.05072523872523872,0.5918727915194346,0.5846206735860572,1.5533042114526374,0.5288588363648207,0.3043196201324463
15,qSGLD,603.3750392261953,1.545859380724096,0.3797088299933411,0.012007447504566157,0.8568252648252648,0.8674911660777385,0.890790279487681,0.5144908575019892,0.9414722118187295,0.5590002536773682
15,cycSGLD,604.7296342065514,2.9004543610801647,1.1370034142506857,0.03595520496420117,0.799923907923908,0.8480565371024735,0.8721752432182589,0.5437682807537627,0.9173112308869746,0.3053591251373291
15,SGHMC,624.2885038509418,22.459324005470535,3.4179021428945466,0.10808355591117057,0.5786745266745267,0.7579505300353356,0.7855178526398836,0.8052205220032568,0.8051814821448926,0.30675697326660156
15,AWSGLD,602.829879935939,1.000700090467717,0.30396986594798475,0.009612371164516891,0.8593191193191193,0.8710247349823321,0.8938113362692629,0.5116919748462819,0.9415251339336601,0.752316951751709
15,acMH,641.484930480084,39.65575063461279,4.639542613501,0.1467152196007343,0.657981021981022,0.7879858657243817,0.8142570318192905,1.498597168752868,0.837708228167592,172.23485279083252
16,SGLD,918.6913024660464,303.90129545291836,7.238802427612926,0.2289110320321299,0.22772390372390375,0.6136363636363636,0.62013860062022,1.3512588245791408,0.621260272213662,0.3012051582336426
16,qSGLD,616.3969128720951,1.6069058589670249,0.38691357149410616,0.012235281435517728,0.8427115107115107,0.8465909090909091,0.8754873429964014,0.8508941330668057,0.9418376027221367,0.5835654735565186
16,cycSGLD,618.0098257969711,3.2198187838430385,1.5295920384578403,0.04836994732386641,0.8191256911256912,0.8390151515151515,0.8680008563382099,0.6884837228662893,0.9312203068823832,0.3007524013519287
16,SGHMC,632.9502694792408,18.160262466112727,3.5050851419355964,0.1108405244133105,0.7165833445833446,0.7992424242424242,0.8289637074354559,0.7105838216460093,0.8744583012326658,0.30373334884643555
16,AWSGLD,615.7915301602295,1.0015231471014658,0.30751283631040066,0.009724409724793956,0.8387400827400828,0.8446969696969697,0.8741555101220653,0.8516894743073787,0.9414162814586544,0.75620436668396
16,acMH,642.2005484822946,27.41054146916656,3.414437938360519,0.10797400814508848,0.601024585024585,0.7613636363636364,0.7979554282786279,1.7066051885895872,0.8242648947098099,170.3024308681488
17,SGLD,934.8097336496492,316.55644701761435,7.537283408420874,0.23834982940807106,0.06414655614655615,0.5887521968365553,0.5948667228306252,1.627121743855645,0.5334836628758068,0.29994940757751465
17,qSGLD,619.850222247686,1.596935615651205,0.3793282665125122,0.011995413030629145,0.858913050913051,0.859402460456942,0.8852841789468183,0.664055597997913,0.9422604071946142,0.573021411895752
17,cycSGLD,621.1560152939601,2.9027286619252664,1.243840502727466,0.03933369034587672,0.8215622095622096,0.8664323374340949,0.8879428039128113,0.5864084372908487,0.9245348415219439,0.300034761428833
17,SGHMC,639.1512083033768,20.897921671342033,3.464866887388902,0.10956871153447073,0.6497785457785458,0.7662565905096661,0.7938592235066632,0.7806039692637893,0.8357112857253536,0.3019993305206299
17,AWSGLD,619.2540361172275,1.0007494851927277,0.3042335299369915,0.00962070895193916,0.8577530217530218,0.8646748681898067,0.8895924857723297,0.6665062945131013,0.9429576861755268,0.7560386657714844
17,acMH,651.8551057885777,33.60181915654289,3.8762496001534754,0.12257777515801949,0.7875274395274396,0.8400702987697716,0.8678859984814589,1.5328405767386497,0.9100713997365836,168.81179881095886
18,SGLD,903.7915426998698,308.7289913521695,7.322988683104944,0.23157323518248624,0.06276687876687877,0.5683453237410072,0.5737176927637725,1.6552129133546487,0.5253013805172079,0.2957496643066406
18,qSGLD,596.6932732216934,1.6307218739931386,0.39498587015850284,0.012490549932844017,0.8485416325416325,0.8651079136690647,0.8890995769472396,0.6396947384041141,0.9447063970445266,0.5693676471710205
18,cycSGLD,598.3571352485823,3.294583900882003,1.374257470899216,0.043457836995440875,0.8071197751197751,0.8471223021582733,0.8716873826677737,0.6366223080319049,0.9225160412210772,0.2958981990814209
18,SGHMC,615.821286795618,20.75873544791773,3.578104487230433,0.11314959885717032,0.59201638001638,0.7805755395683454,0.8057365729797122,0.8813958768863399,0.8083965260224254,0.3003830909729004
18,AWSGLD,596.06371754936,1.001166201659771,0.30935675345264524,0.00978271950465517,0.8470076950076951,0.8615107913669064,0.8858030307767976,0.6432474241113989,0.9445484153217967,0.7585768699645996
18,acMH,623.9709857126039,28.908434364903655,3.7377013930545187,0.11819649615636534,0.7597167037167037,0.8309352517985612,0.8615237654257873,1.4692623599879602,0.8987620714239419,167.86024117469788
19,SGLD,910.3195935864915,309.338029037532,7.257061277706391,0.22948842756963916,0.06564359364359364,0.570902394106814,0.5736001786565683,1.6218095385214575,0.5353272805670741,0.3010833263397217
19,qSGLD,602.6388721619202,1.6573076129607216,0.3985750850018674,0.01260405087201118,0.8480739320739321,0.8655616942909761,0.889337948952506,0.7277779139053632,0.9419949949828934,0.5911619663238525
19,cycSGLD,604.1832889302992,3.2017243813397727,1.314359070111424,0.04156368324853041,0.7960832080832082,0.848987108655617,0.8716698051888411,0.6908773759929673,0.9146124738566438,0.300508975982666
19,SGHMC,621.1886147487811,20.20705019982165,3.458063416056895,0.1093535668804227,0.5752187392187393,0.7348066298342542,0.7598184092928058,0.8838123883394025,0.8043409053358639,0.30356383323669434
19,AWSGLD,601.997501017308,1.0159364683485137,0.3069779161723448,0.009707494064768476,0.8468195708195709,0.858195211786372,0.8837930098370732,0.7285717154930625,0.9422126044223074,0.7563967704772949
19,acMH,630.3022529055709,29.320688356611413,3.9255898974242753,0.12413805235607465,0.6184528744528744,0.7513812154696132,0.7922715253036164,1.688363974820938,0.8052637305511563,171.5380916595459
20,SGLD,904.0207510298671,307.73202808978533,7.275551849016542,0.23007315077541754,0.08027170427170428,0.5783783783783784,0.5771321910611165,1.664749665865554,0.5391152950703513,0.3015115261077881
20,qSGLD,597.9592886105696,1.6705656704878038,0.39895292651728953,0.01261599926984422,0.8449214689214689,0.872072072072072,0.8964537414771925,0.7015440334986258,0.9533879947363093,0.5583460330963135
20,cycSGLD,599.8106102404004,3.5218873003185536,1.441057119064135,0.04557022734643119,0.8024640464640465,0.8612612612612612,0.8846548209468131,0.7085309089539115,0.9330580018220467,0.2999434471130371
20,SGHMC,616.9944971048235,20.705774164741683,3.575684698070985,0.11307307840515793,0.5596956796956798,0.7621621621621621,0.7923558071946463,0.9404979314665497,0.7974572325134123,0.3014993667602539
20,AWSGLD,597.3039750786055,1.0152521385236923,0.31064791648842566,0.009823549664892007,0.8447619527619528,0.8738738738738738,0.8979222537663654,0.6981805842642417,0.9543071161048688,0.7496287822723389
20,acMH,624.3017421874026,28.013019247320813,3.82914159870923,0.12108808935219632,0.7120202440202441,0.8144144144144144,0.8495394297215489,1.5854455162072076,0.8769430104261564,170.1493742465973
21,SGLD,921.6648260929335,311.1826872004999,7.477473048955445,0.23645845977222946,0.09904292704292707,0.5970961887477314,0.5972566229334596,1.5512830387486907,0.5674073056075409,0.2985351085662842
21,qSGLD,612.0867723523946,1.6046334599610645,0.388248727413934,0.01227750277289886,0.8419115059115059,0.838475499092559,0.8690070129788235,0.7994777332388006,0.9386820480276801,0.5552330017089844
21,cycSGLD,613.6142333503545,3.132094457920971,1.4528406611894147,0.04594285566663543,0.8318143118143119,0.8312159709618875,0.8624822752103736,0.6540497481526725,0.935157377353991,0.29741740226745605
21,SGHMC,630.0647257882506,19.58258689581703,3.532050706179181,0.11169325042732373,0.6862997782997784,0.8021778584392014,0.8296816601805908,0.7695643097434497,0.8646073751308616,0.3005342483520508
21,AWSGLD,611.4862776284326,1.0041387359990495,0.305629246250132,0.009664845377108927,0.8439930639930641,0.8330308529945554,0.864647356362404,0.7970154406755348,0.9375260207195664,0.7359488010406494
21,acMH,638.6084868541822,28.126347961748593,3.835170928610242,0.12127875350471386,0.6121562761562762,0.764065335753176,0.7973934038126664,1.792617101617584,0.8105570353962627,167.96183323860168
22,SGLD,907.3520558488344,298.9102400457673,6.838447893442938,0.21625071003660112,0.20758975558975562,0.6357267950963222,0.654741945877613,1.385714071633974,0.6167766850779111,0.31058168411254883
22,qSGLD,609.9890908745783,1.5472750715111943,0.37729591938080664,0.011931144571306148,0.8435157035157035,0.8686514886164624,0.892814256974164,0.5854591651913772,0.9431782461554792,0.6075007915496826
22,cycSGLD,610.7578419255983,2.3160261225311842,1.0789129663718167,0.03411822370823594,0.8179346419346419,0.8598949211908932,0.8845880538325078,0.5411671134914059,0.9340624349380917,0.30288004875183105
22,SGHMC,624.7611397396063,16.31932393653915,2.9754837088630643,0.09409305660732623,0.7197869877869878,0.8266199649737302,0.8518793620642615,0.7003253425981187,0.886033989361485,0.3057975769042969
22,AWSGLD,609.4424103353025,1.0005945322353682,0.30530924547753424,0.009654726064164704,0.8430331110331111,0.8633975481611208,0.8886395999381187,0.5859840629358748,0.9429088133116155,0.7849371433258057
22,acMH,643.1290762003506,34.68726039728347,3.7876180140815285,0.11977499831181337,0.7722130242130243,0.8143607705779334,0.8469966747355621,1.3593549446881155,0.8856992394645634,174.08946871757507
23,SGLD,892.6137989709314,294.83334046713264,6.886109915835809,0.21775791552311538,0.20133083733083734,0.63668430335097,0.6449711736885304,1.373179428536695,0.5921649131810796,0.2952089309692383
23,qSGLD,599.4338024616189,1.6533439578201978,0.39954530770586444,0.01263473200783356,0.8242516402516403,0.8518518518518519,0.8763232093853991,0.6597978100990981,0.924903568475547,0.5450797080993652
23,cycSGLD,600.6693717053872,2.8889132015884798,1.328588430631381,0.04201365513743783,0.7828412308412309,0.8465608465608465,0.8684948879699428,0.5856107799805216,0.904957415350025,0.29830121994018555
23,SGHMC,613.8208596249166,16.04040112111784,3.149449582523957,0.09959434056642139,0.6878104838104839,0.8042328042328042,0.8281354949115278,0.6857147301251277,0.8561693773395083,0.2984626293182373
23,AWSGLD,598.7821221002729,1.0016635964741454,0.31263430429481526,0.009886364762737774,0.8234982554982555,0.8606701940035273,0.8836896386332884,0.6586944931637466,0.9288056339634477,0.7381265163421631
23,acMH,627.1163564065117,29.335897902712986,4.016113724981239,0.12700066713203786,0.5927679407679408,0.7583774250440917,0.7928755478289446,1.6027872233475178,0.7935489652194809,168.51655411720276
24,SGLD,917.7697056778989,310.28802264333046,7.377555669170261,0.23329879479265697,0.21645586845586848,0.6274509803921569,0.6404197185732284,1.3811256031593366,0.6036974325866193,0.3035862445831299
24,qSGLD,609.1307635299403,1.6490804953718907,0.38643474155967966,0.012220139503471162,0.8726328806328807,0.8948306595365418,0.9144651108018684,0.6714871094774232,0.9611903572777216,0.5841658115386963
24,cycSGLD,610.6471209405395,3.165437905971089,1.3941637900541208,0.044087330079038256,0.854988314988315,0.8859180035650623,0.9067650720043534,0.5327964712399845,0.9532481453960752,0.3000297546386719
24,SGHMC,626.7300826787654,19.24839964419698,3.4093733751761985,0.10781385259492561,0.7865056025056026,0.8538324420677362,0.8771988638980057,0.6088066695333053,0.9201921398089159,0.30591869354248047
24,AWSGLD,608.4834350490322,1.0017520144638183,0.29937781270724667,0.009467157690741992,0.8724414564414564,0.8912655971479501,0.9116082283889823,0.6679392041304827,0.9613811977472704,0.7549831867218018
24,acMH,639.9803224700642,32.49863943549576,3.9761673637689317,0.1257374522753709,0.6553252393252393,0.7807486631016043,0.8150589985930067,1.5669639121563463,0.8408837131870766,168.9004819393158
25,SGLD,902.7882570969,307.5377751108866,7.6378384439879206,0.24152965883398214,0.05105209505209505,0.5780669144981413,0.560460527750704,1.6312652221443937,0.534998149310417,0.3038341999053955
25,qSGLD,596.8440450241225,1.593563038109096,0.39517313214763317,0.012496471676892273,0.8685048285048287,0.8531598513011153,0.8799732265219938,0.7960413981355944,0.9423992983472537,0.5889685153961182
25,cycSGLD,598.7828811061495,3.5323991201361196,1.5582351046123648,0.04927572060605819,0.8158027798027799,0.8531598513011153,0.8755083349914479,0.672157111852021,0.9201507909686348,0.30361008644104004
25,SGHMC,618.2812036000139,23.030721614000527,3.864309926984166,0.12220020954068928,0.5789022269022269,0.7286245353159851,0.7366020709002886,0.8400391431465739,0.8037544859106198,0.3079957962036133
25,AWSGLD,596.2605948366804,1.010112850667042,0.3149613416723997,0.009959952145872896,0.867957927957928,0.8550185873605948,0.8815057628908037,0.7944971539774033,0.9423349265356701,0.7753829956054688
25,acMH,622.1132297174465,26.86274773143316,3.8650006060865367,0.12222205073164702,0.5757452517452517,0.7397769516728625,0.7768484173678837,1.7785724841535258,0.781501955293777,172.44654440879822
26,SGLD,924.161338536911,312.17901328786195,7.1320619350401735,0.22553560128114802,0.05266213666213666,0.570902394106814,0.5643521444017525,1.6776830418579134,0.5327643249473103,0.2993617057800293
26,qSGLD,613.6257471101507,1.643421861101615,0.3972738643745102,0.012562902662802761,0.8334580134580135,0.8453038674033149,0.8733036974955695,0.7406810880651887,0.9331818126866304,0.5976438522338867
26,cycSGLD,614.6373328997361,2.6550076506870255,1.106981226615018,0.03500582003150462,0.8163578163578163,0.8287292817679558,0.8589236771162239,0.6977451010207291,0.9254163795431009,0.2985072135925293
26,SGHMC,630.2543905360595,18.27206528701049,3.1374570205746397,0.09921510245901624,0.5807433647433647,0.7808471454880295,0.8103334903845066,0.8882179568345887,0.7995011102111215,0.3020772933959961
26,AWSGLD,612.9966413382307,1.0143160891816478,0.3120354762406839,0.009867428156959157,0.8366884286884289,0.8379373848987108,0.867400398986874,0.7351713818024882,0.9329561436383492,0.797795295715332
26,acMH,644.1729535606177,32.19062831156862,3.712293624585244,0.11739303197011418,0.7169694329694329,0.8011049723756906,0.8311817992856338,1.5950187090102776,0.870260446260543,169.44353485107422
27,SGLD,905.9654631101578,304.0934607691844,7.218213181445011,0.2282599429001648,0.06809717609717611,0.5641025641025641,0.5495165959669808,1.5425517000905025,0.5322933307514806,0.3017594814300537
27,qSGLD,603.4766846109243,1.6046822699508994,0.3995982817347198,0.012636407193713745,0.8405410565410566,0.8571428571428571,0.8798231874083161,0.6892099124786253,0.9264252634296688,0.5700767040252686
27,cycSGLD,604.7050844411219,2.8330821001485447,1.2831754210976125,0.04057756968214133,0.795062463062463,0.847985347985348,0.8685736441808539,0.6262769506036465,0.9015023155992319,0.30089712142944336
27,SGHMC,620.6528335210203,18.780831180046903,3.3473728579249373,0.1058532240887001,0.6233204513204514,0.7527472527472527,0.7764847104884791,0.7858638460247552,0.8125574865662972,0.30388832092285156
27,AWSGLD,602.8734890220695,1.0014866810961394,0.31421103521827276,0.009936225372491237,0.8403378483378483,0.8608058608058609,0.8832460533347246,0.6904075573984123,0.9296041696922754,0.7592265605926514
27,acMH,631.3712379916374,29.49923565066399,4.019421153882912,0.1271052572173214,0.6542381102381103,0.7783882783882784,0.8108934293855313,1.6416518488299752,0.831154895031547,170.91565465927124
28,SGLD,905.046335427612,303.38541805795546,7.09828245990973,0.2244674004853759,0.11031619431619433,0.5659655831739961,0.5693388005652343,1.5252590731927989,0.5552428939636271,0.3091161251068115
28,qSGLD,603.1810390756073,1.5201217059507144,0.3815201977845773,0.012064727983571902,0.8315762555762556,0.858508604206501,0.8826081497084879,0.7610585591956082,0.9368263245026476,0.5470771789550781
28,cycSGLD,604.1418454217526,2.480928052096033,1.254261208798266,0.03966322200598544,0.7996289836289836,0.8489483747609943,0.8719582846425221,0.6491708807417443,0.9194976570423017,0.308368444442749
28,SGHMC,618.1699344350124,16.509017065355806,3.1476133062458613,0.09953627241190019,0.6942453582453583,0.7667304015296367,0.8006981625274121,0.7369349233637099,0.8639400972457723,0.3092184066772461
28,AWSGLD,602.6610478810686,1.0001305114120669,0.307065052094079,0.009710249544555459,0.8365307365307367,0.8604206500956023,0.8838271683180234,0.7606345904333145,0.9369225280693949,0.73697829246521
28,acMH,630.8683436566912,29.20742628703465,4.175766218295039,0.13204932226200197,0.6018145458145459,0.7418738049713193,0.7801504109429964,1.8179089752592261,0.8061658469321084,173.5605113506317
29,SGLD,925.0843429527697,315.91983356135984,7.614378424672968,0.24078778788411426,0.037456729456729454,0.5989583333333334,0.5906812147460219,1.5934130401975783,0.525607638888889,0.30086255073547363
29,qSGLD,610.7584574629788,1.5939480715688887,0.37556286882509415,0.011876340700743428,0.8469609909609911,0.8576388888888888,0.8841629184142802,0.72369257941012,0.9410827764675053,0.5999338626861572
29,cycSGLD,612.6588957986914,3.4943864072815813,1.5024077436224086,0.047510304441211244,0.8001357921357923,0.8420138888888888,0.8687143816507997,0.6598418173578113,0.921350890985325,0.3013179302215576
29,SGHMC,631.6614224072033,22.49691301579344,3.7971361885847212,0.12007598941778369,0.5781355461355462,0.7638888888888888,0.7951467608293815,0.8480896779276795,0.8122707023060796,0.3033161163330078
29,AWSGLD,610.1647213143617,1.0002119229518485,0.3006928473253457,0.009508742736693618,0.8467634947634948,0.8541666666666666,0.8813545400035764,0.7230691234150005,0.9401492072851154,0.7918961048126221
29,acMH,638.0105902804514,28.84608088904156,3.576957056888359,0.11311331392379693,0.7110281670281671,0.8090277777777778,0.8371916569606637,1.5486691941506137,0.8603413259958071,169.49693322181702
30,SGLD,920.6074538597932,315.78109995069053,7.190321875740911,0.22737794237075482,0.09535999135999138,0.5655430711610487,0.562725572350766,1.5688958950033172,0.5527559434826639,0.2980053424835205
30,qSGLD,606.4587087245183,1.6323548154156242,0.39051849825680623,0.012349279229200026,0.8301806661806662,0.8614232209737828,0.8809958555413411,0.6300928495525945,0.9234299400427578,0.5416619777679443
30,cycSGLD,607.5993824995554,2.773028590452782,1.0783357249790217,0.03409996973262634,0.8052589332589333,0.8632958801498127,0.880473092178876,0.6234159766575583,0.9124350999019466,0.2968714237213135
30,SGHMC,624.5151864989787,19.68883258987603,3.1889291199380567,0.10084279315840528,0.6754915234915235,0.7715355805243446,0.7999740278201379,0.80440272480314,0.848403015543875,0.3001518249511719
30,AWSGLD,605.8277314035345,1.0013774944318357,0.3080702880216062,0.009742037895723634,0.8331877131877133,0.8632958801498127,0.8831831469931106,0.6293295662694923,0.9259616466541287,0.7307302951812744
30,acMH,644.4426580650805,39.6163041559779,4.827369523487397,0.1526548280150187,0.5724124284124285,0.7453183520599251,0.7625281458284859,1.7663241000420575,0.7954059571458423,167.57602667808533
31,SGLD,907.4163907988966,308.813857223,7.504004454278452,0.2372974564756876,0.12417542817542818,0.5807050092764379,0.588009821002435,1.5246376704360425,0.5611057674894055,0.3006103038787842
31,qSGLD,600.2741324405961,1.6715988646994902,0.3991281524192323,0.01262154039939618,0.8127405687405688,0.8701298701298701,0.8879605247461335,0.8870407142077786,0.9230840433195561,0.584282636642456
31,cycSGLD,602.4117979947378,3.809264418841167,1.7253782010651484,0.05456124940569824,0.770940170940171,0.8701298701298701,0.8836593962094467,0.7513316673740328,0.9023337988320944,0.2999756336212158
31,SGHMC,618.3859414736461,19.7834078977495,3.820105886972865,0.12080235505852,0.5978426738426739,0.738404452690167,0.7537380344175347,0.8428619496250499,0.8071426559186088,0.30311036109924316
31,AWSGLD,599.6175532938616,1.0150197179650604,0.3046584844446672,0.009634147193401266,0.8148097788097789,0.8719851576994434,0.8899017957923351,0.8837508991225541,0.9244322457833458,0.7582781314849854
31,acMH,622.6345648268106,24.032031250913974,3.381033263110074,0.10691765956219185,0.6891408651408653,0.7829313543599258,0.815778415598449,1.7076501497619185,0.8574648159401801,172.95657086372375
32,SGLD,904.8531480562042,308.01389997634635,7.254704140075459,0.2294138883329168,0.06829062829062829,0.5945454545454546,0.5986528129575688,1.6002742420885234,0.5529939393939394,0.30833864212036133
32,qSGLD,598.4367786806012,1.5975306007433119,0.38695929664099776,0.012236727391622963,0.8517830757830759,0.8709090909090909,0.8946304290866881,0.6693593301778674,0.950630303030303,0.570976972579956
32,cycSGLD,599.802211127345,2.9629630474871647,1.3039399184957254,0.0412342007446081,0.8027569667569667,0.8527272727272728,0.8765420650704822,0.635601521966131,0.9281414141414142,0.3038492202758789
32,SGHMC,617.2755521203089,20.43630404045109,3.4838522706931103,0.11016908206939702,0.6122038442038442,0.7745454545454545,0.8025426754025682,0.8602293275821831,0.8314343434343434,0.31120944023132324
32,AWSGLD,597.8497185568991,1.010470477041281,0.30806344698984106,0.009741821563304403,0.8495178215178216,0.8745454545454545,0.8972323682164455,0.6699971719364295,0.9491757575757576,0.760777473449707
32,acMH,629.0146562890071,32.17540820914928,4.13354318145688,0.1307141126006242,0.577057873057873,0.7563636363636363,0.7935723453549757,1.62678251809726,0.8008727272727273,171.90845251083374
33,SGLD,918.8238573006195,305.79657600042924,7.136310943373398,0.2256699667224483,0.12728051528051526,0.6063829787234043,0.6248845455942209,1.5015674601247477,0.5735246274969094,0.29990577697753906
33,qSGLD,614.6758023997742,1.6485210995839452,0.3938493978040942,0.012454611521466563,0.8223741423741425,0.8847517730496454,0.9022465534771021,0.6690921373370725,0.9354300865378359,0.5578188896179199
33,cycSGLD,615.9125099837066,2.8852286835164023,1.2215373436918555,0.03862840253018178,0.7774792054792055,0.8652482269503546,0.8842641805641249,0.631936587279216,0.9139013598802784,0.2996182441711426
33,SGHMC,631.9209393568915,18.89365805670127,3.309457454234683,0.10465423374804053,0.6282262962262962,0.7854609929078015,0.810478907370745,0.8043908319544099,0.8368062333268268,0.3041801452636719
33,AWSGLD,614.038585944294,1.0113046441038023,0.3032144413774931,0.009588482542084812,0.8220130980130981,0.8882978723404256,0.8994958449262633,0.6725895670596558,0.9350234237751317,0.7415647506713867
33,acMH,646.2945620216508,33.267280721460565,3.897427446608864,0.123247477465383,0.6890976170976171,0.8014184397163121,0.8344562513738495,1.53063488721237,0.8543659314203916,167.59294486045837
34,SGLD,911.9524737502879,303.8434084002556,7.0187785068291735,0.2219532647381587,0.12736890736890738,0.5944444444444444,0.610672953026549,1.4884683130151062,0.5852012882447666,0.3036501407623291
34,qSGLD,609.751631018212,1.6425656681797136,0.39107471784330794,0.01236686843692545,0.8350778710778711,0.8333333333333334,0.8641754665353155,0.6346766786728922,0.9301127214170692,0.5791323184967041
34,cycSGLD,610.7428969546646,2.6338316046322916,1.0834738442035161,0.034262451329015335,0.812984360984361,0.8240740740740741,0.8550959347122775,0.581252979719534,0.9198107890499195,0.3015279769897461
34,SGHMC,625.7977304046186,17.688665054586295,3.040824239100571,0.09615930559806246,0.673995457995458,0.7888888888888889,0.8186225176994302,0.7329417911577749,0.8521054750402577,0.305833101272583
34,AWSGLD,609.1219496885542,1.0128843385218715,0.3056779170593819,0.009666384483236862,0.8406767766767766,0.8296296296296296,0.8616350817788873,0.6310271027857691,0.9337721417069244,0.7674252986907959
34,acMH,645.1045236327733,36.99545828274097,4.335995570323578,0.13711621926623305,0.6168320448320448,0.7555555555555555,0.7901079698809595,1.6111638426631807,0.8146739130434784,169.71786284446716
35,SGLD,896.9700503701577,306.4745923839374,7.118680979703365,0.22511245831981502,0.11672698472698474,0.6126760563380281,0.6115574523112572,1.555730201838769,0.5571082746478874,0.2968568801879883
35,qSGLD,592.1537699683125,1.6583119820923002,0.39673086626170917,0.012545731554786518,0.8537744657744658,0.8767605633802817,0.8997210326051949,0.562226175708514,0.9538055881585811,0.5545270442962646
35,cycSGLD,593.3146896997062,2.8192317134859195,1.238715522830628,0.039171624251510884,0.8248235368235368,0.8609154929577465,0.8852805430194813,0.5279991289251472,0.9381928142931665,0.2971060276031494
35,SGHMC,608.4237886590053,17.928330672785023,3.205881947271955,0.10137888862995206,0.7062976062976064,0.8221830985915493,0.8467377095059849,0.7280565668898867,0.8685609024517477,0.3033015727996826
35,AWSGLD,591.503415146872,1.007957160651813,0.30873086632899804,0.009762927215966206,0.855074139074139,0.8802816901408451,0.9022616123835339,0.563407327601132,0.9532757889932186,0.754441499710083
35,acMH,621.1701111705326,30.67465318431232,4.202162519592428,0.13288404660104006,0.7643444363444364,0.8415492957746479,0.869482401033389,1.4632399180303701,0.9028022300469483,167.64900708198547
36,SGLD,907.83471329681,306.3420454641457,7.162272488317771,0.22649094285845878,0.007046563046563046,0.5383177570093458,0.557433591564793,1.7043715568380202,0.5046447593206713,0.30939626693725586
36,qSGLD,603.0566066399706,1.5639388073062719,0.3856971155648751,0.012196813721421864,0.8116260796260797,0.8785046728971962,0.896101572658519,0.8113265216440675,0.924871872173651,0.5886008739471436
36,cycSGLD,604.2796945026447,2.787026669980378,1.3175061309319465,0.041663202049809694,0.7719408519408519,0.8504672897196262,0.8704746883934578,0.7783260280888629,0.905488895588383,0.30429720878601074
36,SGHMC,619.6906799146923,18.198012082027958,3.3647226982302407,0.10640187421274963,0.5236955356955357,0.7121495327102804,0.7455473301291368,0.9638115045698371,0.7758737815294945,0.30518245697021484
36,AWSGLD,602.4932418460625,1.0005740133981362,0.3105682002541928,0.009821028816225335,0.8166246366246367,0.8785046728971962,0.8965295945457944,0.8136003092757093,0.9286986232539444,0.7810828685760498
36,acMH,628.8647261850781,27.372058352413774,3.6184964840024056,0.11442690594758635,0.6744917544917546,0.794392523364486,0.8283741788653785,1.6804413214987803,0.8513275047733897,171.4125256538391
37,SGLD,924.5727152458674,312.68264614605357,7.465462013612866,0.23607863748483612,0.12612442212442213,0.5756457564575646,0.5773942716258436,1.5091137341317378,0.5679313234180378,0.3009364604949951
37,qSGLD,613.5116250995223,1.621555999708562,0.38357589949263016,0.012129734979445361,0.8478751518751519,0.8339483394833949,0.8650258184733297,0.8076243009958,0.9362864371001789,0.5602831840515137
37,cycSGLD,615.4925422887508,3.602473188936983,1.5355226893491323,0.0485574909721043,0.8328199848199849,0.8265682656826568,0.8580004032392538,0.6714902737638698,0.9287089704958185,0.3018331527709961
37,SGHMC,632.269048630912,20.378979531098253,3.6218393648003087,0.1145326171202645,0.6906861306861307,0.7804428044280443,0.8104152025721099,0.7554179503980192,0.8521407048131617,0.30379366874694824
37,AWSGLD,612.8914716027001,1.0014025028863216,0.301880458375088,0.009546298295609308,0.8463831663831664,0.8265682656826568,0.8592032697239237,0.8145472157181444,0.9355210364330717,0.7605650424957275
37,acMH,641.0331876514297,29.143118551615885,3.6162575712086924,0.1143561053084801,0.6917943077943077,0.8136531365313653,0.8397762847512185,1.6791155053288207,0.8496994795275463,171.72902917861938
38,SGLD,908.2823658988084,304.05508137418224,6.999198100200458,0.22133407791356874,0.11606720006720006,0.6234676007005254,0.6323181157973622,1.5546198619167197,0.5769047065019044,0.3067793846130371
38,qSGLD,605.865910492325,1.6386259676988857,0.39360541449403547,0.012446896091758038,0.832140724140724,0.861646234676007,0.8875319148588583,0.6112558376332126,0.9432027400503759,0.5861780643463135
38,cycSGLD,607.2876835507383,3.0603990261121226,1.1840117009835722,0.03744173751398314,0.7761299241299241,0.851138353765324,0.8755372802906213,0.626537424951871,0.9197294241077079,0.3003811836242676
38,SGHMC,624.6172793428884,20.389994818262267,3.2943938679757463,0.104177881324954,0.5938450138450139,0.7880910683012259,0.8142017516162217,0.861246537869273,0.8326046399601565,0.3039979934692383
38,AWSGLD,605.2410618976256,1.0137773729994706,0.31773935209734455,0.010047800548938076,0.8373135093135095,0.8598949211908932,0.8862449475895653,0.6011638023259264,0.9445662335329587,0.7815103530883789
38,acMH,641.3088771886866,37.081592664060395,4.32597284247681,0.13679927278259515,0.6612031212031213,0.7933450087565674,0.826292628677734,1.5477383127564375,0.8437044566641765,168.01342582702637
39,SGLD,918.9571330703868,302.9772585263255,7.09757897659326,0.22444515438961612,0.22056108456108459,0.6322241681260946,0.6397350306878009,1.3307505302792462,0.5994268428594173,0.30208563804626465
39,qSGLD,617.5691583205667,1.58928377650534,0.3853148199480885,0.012184724472536419,0.8342905982905984,0.8704028021015762,0.89064363644785,0.6517192301462305,0.9269183822598883,0.5691401958465576
39,cycSGLD,618.7364757453724,2.7566012013111276,1.2299089718812446,0.03889313665820719,0.7963267963267965,0.8633975481611208,0.8825489432197338,0.5759845699092857,0.9084744794026756,0.30250024795532227
39,SGHMC,633.5621561680911,17.582281624029747,3.2192302946636677,0.10180100043752184,0.7258311778311779,0.8178633975481612,0.8411735104593476,0.6528575853188406,0.8700190644148612,0.3054218292236328
39,AWSGLD,616.9890058393612,1.0091312952998805,0.30334858484159377,0.009592724530882642,0.8362553482553484,0.8686514886164624,0.8896408250783677,0.6505553792674533,0.9293187839597647,0.7619280815124512
39,acMH,650.9180285449631,34.93815400090182,4.096200792992926,0.12953324259245527,0.7244467844467845,0.8073555166374781,0.8378896002202175,1.5521920548665817,0.8611930976204183,170.7274763584137
40,SGLD,915.5565056544249,307.8625876205905,7.165158978171417,0.22658222168226363,0.08265479865479866,0.6113074204946997,0.6115480755458507,1.6184596123830701,0.5436037517708554,0.30492663383483887
40,qSGLD,609.2665176036796,1.572599569845238,0.3922087661631312,0.012402730193598737,0.8402567642567642,0.8515901060070671,0.8799931066652585,0.6389323220261127,0.9446149712592206,0.5679998397827148
40,cycSGLD,610.4795025408664,2.785584507032013,1.1836534707684407,0.03743040927991805,0.8252396492396493,0.8533568904593639,0.8804863385157908,0.5999925944153213,0.9394489586556154,0.3069462776184082
40,SGHMC,626.9804489171426,19.28653088330816,3.277154208521932,0.10363271542535694,0.6501229101229101,0.7897526501766784,0.8181329789250422,0.8158590189669402,0.8438797609548778,0.3082754611968994
40,AWSGLD,608.6983817387687,1.0044637049343237,0.3066980104637273,0.009698642669075329,0.8427396987396988,0.8462897526501767,0.8758229015410968,0.6311044329784526,0.9471470909120516,0.7485885620117188
40,acMH,641.9794056666835,34.28548763284914,4.076191395118321,0.12890048987353248,0.7322817002817004,0.8268551236749117,0.8588104786707738,1.5071674954164243,0.8860016935076778,173.4815411567688
41,SGLD,928.0628724645417,311.41437108562695,7.0957620451042684,0.2243876979710392,0.1324701724701725,0.5875706214689266,0.589503462250107,1.4837444679973242,0.5588723051409619,0.2997310161590576
41,qSGLD,618.308761785658,1.6602604067433049,0.3935105514200195,0.01244389625796068,0.840947844947845,0.8418079096045198,0.8713219739560238,0.7331954375711005,0.9323921152911794,0.5816876888275146
41,cycSGLD,619.5120506312394,2.863549252324674,1.1580486891999942,0.03662071499244416,0.8047492207492207,0.8342749529190208,0.8624036690495243,0.6676488800942755,0.9140014214641079,0.30080389976501465
41,SGHMC,635.2483057749429,18.599804396028162,3.1578019057347215,0.09985846421742046,0.6699395859395859,0.7551789077212806,0.7900706606614185,0.7747802381865319,0.8379892306024358,0.30381250381469727
41,AWSGLD,617.6683699391353,1.0198685602206297,0.3136678802423433,0.009919049304027329,0.8413648813648814,0.839924670433145,0.8700602975789629,0.7274535113234358,0.9357731118419204,0.7792778015136719
41,acMH,651.9563048033183,35.30780342440357,3.9875765156170653,0.12609824133547912,0.5344032904032904,0.7325800376647834,0.7673566553871342,1.6683412657598953,0.7835318966105711,169.55549001693726
42,SGLD,909.6415931401551,311.91037112701997,7.287844838524772,0.23046188923640318,0.08034275634275634,0.56672760511883,0.5669363074816752,1.5342242440711384,0.5300878562982513,0.3003830909729004
42,qSGLD,599.3920457959752,1.6608237828399979,0.3962601680491125,0.012530846770362763,0.8516314316314316,0.8464351005484461,0.8757338346525112,0.6756094307878511,0.94650330318696,0.5345823764801025
42,cycSGLD,600.9455281847694,3.2143061716342345,1.3233744269536483,0.041848773863936525,0.8440620040620042,0.8464351005484461,0.8751026943236732,0.6129579158488275,0.941805796013576,0.2986795902252197
42,SGHMC,618.3073993906462,20.576177377511044,3.465388873969997,0.10958521819951379,0.6482003762003763,0.7842778793418648,0.8143256454223676,0.799013958760895,0.8356679621132326,0.30306243896484375
42,AWSGLD,598.7453764553769,1.014154442241761,0.305866650259516,0.009672352751062024,0.8488272448272448,0.850091407678245,0.8786037420409992,0.6748570876967929,0.9469068690953263,0.7253921031951904
42,acMH,628.8809455171698,31.149723504034682,4.136702703942269,0.13081402547434767,0.6202029682029683,0.7696526508226691,0.8096358129219329,1.6554421365316703,0.8296951866694109,169.39394664764404
43,SGLD,930.1281648889545,318.1902684621932,7.641515730402042,0.24164594484075635,0.0976905976905977,0.6014109347442681,0.6033230775837751,1.4663724416188793,0.5365502971353626,0.3059957027435303
43,qSGLD,613.5852174409291,1.647321014167801,0.3845038214798496,0.01215907844915099,0.8611867651867652,0.8606701940035273,0.8858287247650916,0.7458318631041942,0.940190052584202,0.5843794345855713
43,cycSGLD,615.6052600251983,3.667363598436964,1.5304314969888082,0.04839649333345757,0.8211883851883853,0.8306878306878307,0.859641590223333,0.622313055598212,0.9168469029900901,0.30574655532836914
43,SGHMC,633.9936598458887,22.055763419127402,3.7765266778108972,0.11942425946271307,0.6650362010362011,0.7883597883597884,0.8161236417129855,0.7533046972531738,0.8362272973512388,0.30847692489624023
43,AWSGLD,612.9519927652854,1.0140963385240411,0.3007014404454919,0.009509014475012314,0.8627123147123148,0.8606701940035273,0.8859197474394673,0.7351145586168288,0.9421207196418898,0.7634880542755127
43,acMH,639.897568796536,27.959672369774694,3.912161071372133,0.12371339558980488,0.7553306393306394,0.8377425044091711,0.8630043159931158,1.7128230917829583,0.8986318331968831,172.73289513587952
44,SGLD,927.5285978156269,318.0087946242289,7.366324202086269,0.2329436246181507,0.09782952182952184,0.5913978494623656,0.5911387671304513,1.590711319581887,0.5410605102255956,0.3015298843383789
44,qSGLD,611.157246391543,1.6374432001450714,0.393169574214327,0.0124331136119588,0.834047622047622,0.8799283154121864,0.9000491055144746,0.6144532552844962,0.9426563843072383,0.5715961456298828
44,cycSGLD,612.6838449933464,3.1640418019484287,1.2569629933428035,0.039748659935063234,0.78400666000666,0.8745519713261649,0.8914069822507298,0.6068327298919511,0.9173802688982954,0.302199125289917
44,SGHMC,629.908486538657,20.388683347259075,3.394521933578941,0.10734420877508256,0.6118711078711079,0.7544802867383512,0.7747561449089654,0.8146407755156481,0.8211007314422873,0.3037295341491699
44,AWSGLD,610.5201629462657,1.000359754867759,0.2999629670535482,0.009485661895912592,0.8395776115776117,0.8853046594982079,0.9048080094225207,0.6195113291698148,0.9462284500235165,0.7530124187469482
44,acMH,644.297340544487,34.77753735308909,4.028952702540844,0.12740667125119925,0.7632834792834793,0.8512544802867383,0.876786950590744,1.4830435182744979,0.9140149856468642,169.48123407363892
45,SGLD,916.5309138800778,309.0008348751617,7.350218658168532,0.2324343226007915,0.19472877872877875,0.6178107606679035,0.617521697672746,1.454588582138908,0.5938570261470788,0.303816556930542
45,qSGLD,609.1275856003986,1.5975065954824004,0.3803857817286424,0.012028854598061712,0.8714926634926635,0.8719851576994434,0.8955809433016656,0.7855759313994811,0.9498629662868895,0.5601470470428467
45,cycSGLD,610.6154675536488,3.0853885487326806,1.4093585024382047,0.04456782907428697,0.8456544176544177,0.8515769944341373,0.8783156504227304,0.6514930056866304,0.9380551273950717,0.3044779300689697
45,SGHMC,626.95514834319,19.42506933827383,3.497803454716471,0.11061025724509675,0.742007158007158,0.8237476808905381,0.8497386708979476,0.7359352154311867,0.8842437389075133,0.30507612228393555
45,AWSGLD,608.5323260219864,1.0022470170702036,0.3014496782015544,0.009532675830417224,0.872959040959041,0.8719851576994434,0.8957306302148134,0.7824966364107905,0.9485026903682001,0.7456443309783936
45,acMH,638.2629545941745,30.732875589258356,3.787897546194627,0.11978383789337892,0.6625799065799066,0.7680890538033395,0.8017034660874349,1.6965512908993206,0.8361189476776709,169.02174305915833
46,SGLD,916.973088072433,311.8199157573049,7.192759853568488,0.2274550379989561,0.10220575820575821,0.5989304812834224,0.5973826004168592,1.6091922192627266,0.5474035545052562,0.3023507595062256
46,qSGLD,606.6948051237217,1.5416328085935902,0.38407081308691277,0.012145385521474495,0.8648275808275808,0.8734402852049911,0.8972882382873187,0.5690319374903192,0.9544216112620241,0.6008265018463135
46,cycSGLD,607.5669042654337,2.4137319503055323,1.0820873048101798,0.03421860510353043,0.8354432954432955,0.8627450980392157,0.8872221511880389,0.5499602203199508,0.9415013054300205,0.3016066551208496
46,SGHMC,623.6249587571016,18.47178644197345,3.148882136361499,0.09957639634319247,0.6871339711339712,0.8057040998217468,0.8328879337942662,0.7747144533000822,0.8702812663686306,0.3063015937805176
46,AWSGLD,606.1553026175433,1.0021303024151393,0.31090599989911216,0.009831710978932748,0.8684571764571766,0.8805704099821747,0.9031116650154365,0.5648716467797182,0.9546652373933628,0.7771780490875244
46,acMH,641.7114054252274,36.55823311009931,4.430699526338746,0.14011102131059636,0.7427782907782908,0.8288770053475936,0.8572888207112785,1.577483003668618,0.8901774004279699,170.93096208572388
47,SGLD,908.3921344467087,310.33006740727126,7.1200069666447945,0.22515438970864057,0.15394529794529796,0.5752895752895753,0.5715694282466738,1.496821096590331,0.5784496707733223,0.2980349063873291
47,qSGLD,599.7045983045471,1.6425312651095965,0.3936993086037396,0.012449865284213425,0.8581640461640462,0.8687258687258688,0.8932084870828138,0.6977333773563801,0.9488096573158814,0.5477025508880615
47,cycSGLD,600.9255173101252,2.8634502706877356,1.241837621554888,0.03927035368199657,0.8268161148161148,0.8687258687258688,0.8902384161089185,0.6115499851619892,0.9349396818276486,0.2973971366882324
47,SGHMC,615.4345859394083,17.372518899970828,3.1289093602767473,0.09894480170694894,0.7086708006708008,0.7702702702702703,0.799344689068608,0.7253838450088994,0.8670997612906326,0.29999566078186035
47,AWSGLD,599.0639137275498,1.0018466881123231,0.31079929749398333,0.009828336752612497,0.8602868002868003,0.8706563706563707,0.8948142644534302,0.6934259145300213,0.9505318893285697,0.7400124073028564
47,acMH,628.346960936367,30.28489389692959,4.1598884205684,0.13154722221156576,0.6798388278388279,0.7857142857142857,0.8226518597032965,1.719527696595533,0.856105512744517,168.15467357635498
48,SGLD,910.9337826521921,311.7956203213239,7.336346976264925,0.2319956615028641,0.10287269487269488,0.6014362657091562,0.593110317307227,1.5258984302076497,0.5552520557160863,0.3034019470214844
48,qSGLD,600.7717125822381,1.6335502513699112,0.3929030959461935,0.012424686829216412,0.8553164553164555,0.8563734290843806,0.8831958266972691,0.6221797135767748,0.9430600078621769,0.574620246887207
48,cycSGLD,602.5661859481966,3.4280236173283356,1.3777274221652054,0.043567566489143984,0.8102334062334063,0.8491921005385996,0.8742066590310561,0.5913467187537831,0.9228979821763639,0.3027381896972656
48,SGHMC,619.6040828141748,20.465920483306604,3.4777160723454648,0.10997503843986585,0.6485664005664006,0.7719928186714542,0.7990281760247365,0.7677059895991429,0.8356440298114293,0.30534911155700684
48,AWSGLD,600.1406589269639,1.0024965960956251,0.3039315919996778,0.009611160835999914,0.85200264000264,0.8527827648114902,0.8803900427564252,0.6229172393455672,0.9424358969163246,0.7614269256591797
48,acMH,631.0644367738001,31.926274442931913,4.09996290551046,0.12965221103614766,0.6902626742626744,0.7953321364452424,0.8279488619596244,1.5486433554314607,0.8498364748268498,169.4904248714447
49,SGLD,915.5825332149801,303.6876006578109,6.861532985747557,0.21698072475337937,0.09957648357648359,0.5830388692579506,0.5971712311910998,1.510539538076971,0.5473449382032535,0.3091578483581543
49,qSGLD,613.515840339394,1.6209077822247764,0.39556419403529525,0.012508838139603242,0.7917716877716878,0.842756183745583,0.8679021802818642,0.6877048189526691,0.9097515103157416,0.6067061424255371
49,cycSGLD,614.4002795510637,2.5053469938944772,1.0852137523140675,0.03431747205450277,0.7684155484155485,0.8286219081272085,0.8549508440517795,0.6487629304177472,0.8997288759342787,0.3032193183898926
49,SGHMC,628.154695246626,16.259762689456807,2.9756438564046235,0.09409812091725624,0.604927408927409,0.7879858657243817,0.8154519842192569,0.7891302135662664,0.8094478187946785,0.3048124313354492
49,AWSGLD,612.8973402003907,1.0024076432214315,0.3179362491971818,0.010054026981939747,0.7794889194889195,0.8374558303886925,0.8625701368894088,0.6966486184248002,0.9025418898894335,0.7680997848510742
49,acMH,643.7713768976984,31.876444340529133,3.6749750990861405,0.11621291657515179,0.6878897318897319,0.7968197879858657,0.8290720797259941,1.470941508338081,0.8497948250313462,171.29353189468384
50,SGLD,929.1163503683244,319.9482068262897,7.718033689896367,0.24406565517986203,0.0066280626280626285,0.5684210526315789,0.5794560363234692,1.699324491400067,0.49409628722970217,0.2982454299926758
50,qSGLD,610.8327269333706,1.6645833913358956,0.3980767226528582,0.012588291270781773,0.8454118014118015,0.8298245614035088,0.861680920871926,0.7366370536062024,0.9323051815585476,0.585252046585083
50,cycSGLD,612.6225199110218,3.4543763689870275,1.4655359751431536,0.04634431674368276,0.8275338475338476,0.8280701754385965,0.8589965482930684,0.6246604850981571,0.9243288453692371,0.2991335391998291
50,SGHMC,631.6010622159278,22.432918673893028,3.739368752191727,0.11824922268187606,0.6057191937191937,0.7614035087719299,0.7921376964448307,0.8395216410659705,0.7993635250917992,0.30243468284606934
50,AWSGLD,610.180423074451,1.0122795324163008,0.3096435632968316,0.009791789228285042,0.8456824016824018,0.8298245614035088,0.8616238071164573,0.7353794396645232,0.9327621379028967,0.7708609104156494
50,acMH,636.9580013733789,27.789857831344193,3.513910479339806,0.11111960608647829,0.7230757950757951,0.8087719298245614,0.842731196440776,1.5312578239213548,0.8692819257445941,168.05915522575378
51,SGLD,912.6724854794393,305.8186073163373,7.113860487521273,0.22496002097243056,0.07841718641718642,0.5811051693404634,0.5927700338448174,1.644739551214699,0.5359287637191965,0.299680233001709
51,qSGLD,608.4876895045489,1.6338113414469717,0.3957504908741004,0.012514729362918376,0.831994623994624,0.839572192513369,0.8697228291527327,0.6637983575661636,0.9370794911462205,0.5679910182952881
51,cycSGLD,609.8291219640682,2.9752438009662683,1.1909442407973658,0.03766096367179701,0.7844554244554245,0.8360071301247772,0.8626120022768581,0.6539228889181268,0.9126722132215902,0.29948878288269043
51,SGHMC,625.4055879219201,18.551709758818106,3.1766920953808264,0.10045582446456267,0.6151823551823553,0.7664884135472371,0.7921816589353488,0.8537428709163984,0.8244754932414051,0.301788330078125
51,AWSGLD,607.8719091864895,1.0180310233874934,0.315036121102143,0.009962316879074071,0.8273850233850235,0.8324420677361853,0.864129148869749,0.6622339485871167,0.935199509499389,0.7554731369018555
51,acMH,640.3458493996867,33.49197123658473,4.210882786833457,0.13315980566391009,0.7384888984888984,0.8270944741532977,0.8580641742577924,1.603579569557557,0.8864093162632624,168.06843423843384
52,SGLD,937.6490925464939,317.255898032799,7.524223379192008,0.2379368350213552,0.10200852600852603,0.5923344947735192,0.5998867447691844,1.514967468176852,0.5374196397899593,0.2982206344604492
52,qSGLD,621.9903869526524,1.5971924389575634,0.37838672176686833,0.011965638771477157,0.8494833454833456,0.8745644599303136,0.8960087094183585,0.6569609141631408,0.9426559356136821,0.5580718517303467
52,cycSGLD,623.6431056185213,3.249911104826424,1.3496525413172236,0.04267976080396937,0.7985190185190186,0.8606271777003485,0.8814859814628472,0.5973367786723989,0.9157506011679835,0.2994554042816162
52,SGHMC,641.8607621303942,21.467567616699284,3.569646635020497,0.11288213808620547,0.6777584217584218,0.8048780487804879,0.8293682856571537,0.7558934859519993,0.8515319559634229,0.30171942710876465
52,AWSGLD,621.3948358667856,1.0016413530906902,0.29926341543247076,0.009463540131277913,0.8525018885018886,0.8693379790940766,0.8920467879859513,0.6464637719870548,0.9428399666290426,0.7373678684234619
52,acMH,654.9316002409622,34.53840572726733,4.006504432889694,0.12669679463492664,0.7498121338121339,0.8327526132404182,0.8584751949850136,1.5410435962027953,0.888984312378335,171.4674551486969
53,SGLD,917.0563726457098,313.24427964263543,7.58701123969635,0.2399223615073817,0.09505183105183106,0.6055846422338569,0.6084132333760834,1.5708751226253488,0.5444535723481737,0.3019235134124756
53,qSGLD,605.4100324682391,1.5979394651648136,0.3785152657240342,0.011969703688318113,0.8545224745224745,0.881326352530541,0.9018905225606273,0.6174846524918085,0.9484777517564403,0.5952146053314209
53,cycSGLD,606.9010111518686,3.088918148794278,1.3992099016207178,0.044246902137815916,0.8132770532770534,0.8778359511343804,0.8964015950326264,0.5435814106738546,0.9316551614208468,0.3013157844543457
53,SGHMC,625.6504277879419,21.838334784867584,3.734346116011871,0.11809039298000895,0.6582577422577423,0.8115183246073299,0.8342223925944546,0.7910062055251256,0.8441539863735382,0.30638790130615234
53,AWSGLD,604.8186461186167,1.0065531155423741,0.29362526336304595,0.009285246107940171,0.854019626019626,0.8778359511343804,0.8987742025992744,0.6262465800027456,0.9469123843855627,0.7837307453155518
53,acMH,635.6341020147122,31.822009011637874,4.186788498794205,0.1323978773758682,0.724949680949681,0.8045375218150087,0.8376768518158801,1.561044576855952,0.8751343641052679,168.76596307754517
54,SGLD,908.5676951264638,305.91046962796975,7.180798994707284,0.22707680243122405,0.12932844932844934,0.5730129390018485,0.5653018684837163,1.514399798359948,0.5615760372746346,0.2939274311065674
54,qSGLD,604.3182595273812,1.6610340288871157,0.39513706549614674,0.012495331149229544,0.8471927711927713,0.8373382624768947,0.8683530876098352,0.7329713498700635,0.9392233377228484,0.5404160022735596
54,cycSGLD,605.9343652182174,3.2771397197233227,1.419984770344713,0.044903861170404125,0.8373563853563853,0.8317929759704251,0.8632368595744643,0.6546510960114393,0.934974770355873,0.2945411205291748
54,SGHMC,621.5210731267015,18.863847628207395,3.402087818467348,0.10758346306270274,0.6750674670674671,0.7929759704251387,0.8223844866843224,0.7797675328496819,0.8480019652140997,0.29551053047180176
54,AWSGLD,603.6692832869325,1.0120577884383692,0.3043179002670194,0.009623376976037443,0.8496376176376177,0.8317929759704251,0.8640913994828336,0.7357457902593337,0.9390340650534192,0.7317593097686768
54,acMH,631.9747583430768,29.31753284458273,3.6402126606356906,0.11511363174990341,0.7021476901476902,0.8096118299445472,0.8410649423412261,1.578798362656221,0.8706019273595657,167.51189923286438
55,SGLD,905.6394013910567,305.503051488692,7.154246032444504,0.22623712403747517,0.12304316704316705,0.5630885122410546,0.5763653678268359,1.538000693210301,0.5529495380241649,0.300093412399292
55,qSGLD,601.7798157045238,1.6434658021590849,0.39468062943153626,0.012480897373525417,0.8105778425778427,0.8870056497175142,0.9029964403010884,0.7665299017799764,0.9325206092218488,0.5900797843933105
55,cycSGLD,603.2242009916304,3.087851089265655,1.3675894742920942,0.04324697642835308,0.778938646938647,0.8775894538606404,0.8928655981112844,0.6862756163233968,0.9177478226301905,0.30185604095458984
55,SGHMC,618.4789666690797,18.34261676671497,3.4036372310438665,0.1076324597904738,0.6544771024771026,0.783427495291902,0.8086344476242406,0.8200440739208118,0.8486341496713367,0.3026742935180664
55,AWSGLD,601.1400357603659,1.0036858580011767,0.3053662958389748,0.009656530154999583,0.8046467766467768,0.8775894538606404,0.8945686526968624,0.7716343455129786,0.9296696501351194,0.7609450817108154
55,acMH,629.5424550220222,29.406105119657468,3.9156087909887756,0.12382242205702723,0.6437133077133078,0.783427495291902,0.8205025498349003,1.6628681770290596,0.8333554182276672,171.10581970214844
56,SGLD,920.868655143345,307.8744408685826,7.233003149766577,0.2287276427643437,0.09773530973530974,0.6073943661971831,0.6119529945932325,1.5617969910326792,0.5475311358894105,0.29972076416015625
56,qSGLD,614.6263665655397,1.6321522907772987,0.39441902493473996,0.012472624712965228,0.840051276051276,0.8257042253521126,0.8571884597491073,0.6560516506288506,0.922759357068336,0.5786383152008057
56,cycSGLD,616.3137278341648,3.319513559402367,1.284026486626622,0.04060448273723859,0.7856889056889058,0.823943661971831,0.8509037503438843,0.6408570639442347,0.8954910015649452,0.2995579242706299
56,SGHMC,634.8021367688317,21.807922494069317,3.518121609305904,0.11125277370863688,0.5459215139215139,0.727112676056338,0.747583299420608,0.8604749282977189,0.7773906168492437,0.30355405807495117
56,AWSGLD,613.9955974642055,1.0013831894431178,0.3062860527698068,0.009685615422951134,0.8360829800829801,0.8257042253521126,0.8569149152241484,0.6571752147511484,0.9225963419405321,0.7672991752624512
56,acMH,646.8299616192937,33.83574734453134,4.245542854535351,0.13425585324184636,0.6698077178077179,0.7816901408450704,0.8176338858245289,1.651202319137368,0.8350164645279081,168.96425890922546
57,SGLD,904.8642147159669,307.2684629736201,7.225748654074878,0.2284982354677272,0.13792202992202993,0.5981981981981982,0.5941099295253821,1.5479024938234665,0.5741876708168843,0.3005332946777344
57,qSGLD,599.2509115194805,1.6551597771336901,0.3956782193881257,0.012512443937862727,0.8654678534678535,0.8522522522522522,0.880031736657544,0.6535041232921801,0.9459661909100111,0.5505802631378174
57,cycSGLD,600.6090811635318,3.013329421184949,1.2805788475475364,0.04049545881683743,0.8442585162585163,0.8396396396396396,0.8691281060477476,0.5930979197817162,0.9375766778013969,0.29981303215026855
57,SGHMC,617.0238036927246,19.428051950377835,3.35375030752278,0.10605489675262117,0.6963190443190443,0.809009009009009,0.8362925114305222,0.7762382104634297,0.8555643283733171,0.3023228645324707
57,AWSGLD,598.6128088649604,1.0170571226135507,0.31096704949380194,0.009833641536627245,0.8637586077586079,0.863063063063063,0.8887048388418465,0.6475185649103883,0.9472254276748657,0.7318637371063232
57,acMH,629.5535875797641,31.957835837417292,4.242825956154561,0.13416993737130112,0.647066783066783,0.7675675675675676,0.8073775583443147,1.6668634187523226,0.8240267233525661,168.98983430862427
58,SGLD,907.2476690179553,303.4393991303484,7.179426543501387,0.22703340171334324,0.17722040122040122,0.6184448462929476,0.6109467576941154,1.4265645660902884,0.5957741179897327,0.3046426773071289
58,qSGLD,605.3846741014645,1.576404213857586,0.3806126329278461,0.012036028262855953,0.858950310950311,0.864376130198915,0.8890410966394187,0.6866831091160683,0.9430804519582022,0.5765011310577393
58,cycSGLD,606.7323150522757,2.924045164668769,1.3779930619408447,0.04357596675642555,0.8344024624024624,0.8589511754068716,0.8830567694973745,0.5753366079270695,0.9316803605309255,0.30577802658081055
58,SGHMC,621.9118815893631,18.103611701756222,3.3725978537331307,0.10665090849592103,0.7158365478365478,0.7992766726943942,0.8264043888473991,0.6933461037782078,0.8740609488209523,0.30838966369628906
58,AWSGLD,604.8119320402707,1.0036621526637646,0.302897067371081,0.009578446294780862,0.8603265443265444,0.8698010849909584,0.8936546452667258,0.6870211161252434,0.9437519974432726,0.7627673149108887
58,acMH,635.2138916341806,31.40562174657373,3.9868202442010596,0.12607432593344053,0.6143681303681304,0.7685352622061483,0.8017373291022931,1.6314869438311694,0.8167934916724315,171.85626530647278
59,SGLD,918.4550368287439,304.64483962026725,7.545792441183981,0.23861890865023522,0.15021577821577822,0.658703071672355,0.658266613202383,1.5158672912343432,0.6021211521656691,0.30013012886047363
59,qSGLD,615.4043357930271,1.5941385845504783,0.37450710036681617,0.011842954370644199,0.8517096357096359,0.8890784982935154,0.9086381794718585,0.7431768629666751,0.9530675504113699,0.5519905090332031
59,cycSGLD,617.4058076433417,3.5956104348650797,1.5974785466389063,0.05051670720634464,0.8076457356457356,0.8737201365187713,0.8939722888751047,0.6207493204151463,0.9351206080691168,0.30235910415649414
59,SGHMC,635.1962374031583,21.38604019468164,3.8278171730441555,0.12104620733526412,0.6361805881805882,0.7952218430034129,0.817633553063137,0.7675981137507334,0.8550065126708546,0.3048398494720459
59,AWSGLD,614.8191944313247,1.008997222848052,0.3001787049537752,0.009492484127335986,0.8505556905556906,0.8822525597269625,0.9037083170778086,0.7382579918399965,0.9522431616956026,0.7467443943023682
59,acMH,642.1100373570838,28.29984014860713,3.6366208508470184,0.11500004875136051,0.7184050184050185,0.8054607508532423,0.8390157445577578,1.5967681567869345,0.8560163888476695,170.2792136669159
60,SGLD,913.1913119220683,313.26655473080757,7.550071960657447,0.23875423893850717,0.08391531591531591,0.5964601769911504,0.5897320942734655,1.634986769603055,0.541377275963788,0.30442380905151367
60,qSGLD,601.5622244475887,1.6374672563280228,0.38258778377111163,0.012098488016727166,0.8625528225528226,0.8831858407079646,0.9051129477795907,0.6358607357004343,0.9579534126741939,0.5736744403839111
60,cycSGLD,603.2402197313108,3.3154625400501345,1.357738191096413,0.04293545150061613,0.836930696930697,0.8690265486725663,0.8921261675511829,0.5807458735926345,0.944725867154918,0.303774356842041
60,SGHMC,622.4706560474469,22.545898856186227,3.670501969259451,0.11607146378993208,0.6659857979857982,0.8,0.8263898349283734,0.8286165705873597,0.854208117180348,0.3051602840423584
60,AWSGLD,600.9298586668979,1.0051014756371615,0.296813901568845,0.009386079701585748,0.8629674709674711,0.879646017699115,0.902189247385819,0.6377248333519424,0.957599430373309,0.7614607810974121
60,acMH,631.2017492725006,31.276992081239882,4.336477317119735,0.13713145343754646,0.7323071523071524,0.8283185840707965,0.8587465540477428,1.6806137369031275,0.887287152883735,169.185222864151
61,SGLD,917.2750306943271,315.4719441852883,7.158983853662081,0.22638694709941734,0.11347782547782548,0.5828677839851024,0.5833133876710865,1.5344473539336436,0.5544521801384381,0.2993607521057129
61,qSGLD,603.4343450178586,1.6312585088197693,0.39114256976264794,0.012369014103012733,0.8407819207819207,0.8230912476722533,0.8553913920062749,0.5670644510963634,0.9294054241023847,0.561457633972168
61,cycSGLD,604.4333943978677,2.6303078888288383,1.0155350546646633,0.0321140381648394,0.8380604140604141,0.8156424581005587,0.8491322050779933,0.5270043453296667,0.9276719314968769,0.29872703552246094
61,SGHMC,620.8064844698279,19.003397960789016,3.0119987712870264,0.0952477642689557,0.68596516996517,0.7988826815642458,0.828316343204575,0.7265171150152123,0.851277596116333,0.30234670639038086
61,AWSGLD,602.8044756021317,1.0013890930928255,0.3054262204188934,0.0096584251366033,0.8414280734280735,0.819366852886406,0.8525783332146124,0.5601279522405133,0.9313118637659825,0.7421424388885498
61,acMH,643.6323600368419,41.829273527803025,4.6671324307643065,0.14758768622853313,0.7011974211974212,0.7932960893854749,0.8228325175242488,1.5291007608772016,0.8588349803524098,170.82152652740479
62,SGLD,918.969054135471,309.22459169126296,7.556363388079917,0.23895319134239368,0.09911160311160311,0.5722222222222222,0.5778124084131798,1.5397780373336913,0.5588929146537842,0.29613614082336426
62,qSGLD,611.3840138569868,1.6395514127788147,0.3969205867233353,0.012551731042561291,0.8670792630792632,0.8740740740740741,0.8979320673337339,0.7350758777341073,0.9532407407407407,0.5683608055114746
62,cycSGLD,613.2516295675744,3.5071671233663437,1.4807207238035276,0.046824500658322485,0.8363156363156364,0.8574074074074074,0.8828438961250723,0.6170826921770929,0.9390177133655394,0.29851651191711426
62,SGHMC,631.7687686759372,22.024306231729156,3.725421282688114,0.11780816496960451,0.6757738717738719,0.7925925925925926,0.8212839344880055,0.7762164453254047,0.8557367149758455,0.2981529235839844
62,AWSGLD,610.7553716246327,1.0109091804247328,0.3162529532428223,0.010000796490020522,0.8655731775731776,0.8685185185185185,0.8935463700615726,0.7336669711834846,0.9518075684380032,0.750032901763916
62,acMH,640.8300930036634,31.085630559455353,3.9437151049836654,0.1247112217455844,0.6472766992766993,0.7814814814814814,0.8173873883397101,1.6677738753752136,0.8476328502415458,167.81054759025574
63,SGLD,918.9041017194656,308.2003648982102,7.124008816545533,0.2252809393140451,0.04822968022968024,0.5313092979127134,0.5347884535290908,1.6230396440145711,0.5187326243325537,0.2984330654144287
63,qSGLD,612.3389990460452,1.6352622247896988,0.3969698151099394,0.012553287780833334,0.8333809373809374,0.8614800759013282,0.885288326226699,0.7039883889304099,0.9350546192697906,0.5610249042510986
63,cycSGLD,613.370112329409,2.6663755081535783,1.1074967041861805,0.03502212086358067,0.7895912855912857,0.8519924098671727,0.8739621209746428,0.6639155927207075,0.9136522098439048,0.29888129234313965
63,SGHMC,629.3827408228595,18.679004001604085,3.164860573885448,0.1000816789034563,0.6068500148500149,0.7381404174573055,0.768539157474277,0.8496154561893366,0.816468823088125,0.30115294456481934
63,AWSGLD,611.7044466351197,1.000709813864205,0.30813746444524,0.009744162200761108,0.828872076872077,0.8614800759013282,0.8848171891432,0.702874410743442,0.9332212732327467,0.7513864040374756
63,acMH,644.9768006134209,34.27306379216543,3.968752198085459,0.12550296414749798,0.6803217323217323,0.7988614800759013,0.8281264821644264,1.6246974747371992,0.8582065302421861,168.05061674118042
64,SGLD,927.9506814341105,313.6407091730932,7.146945831146677,0.22600627140268664,0.11976501576501576,0.5952813067150635,0.5950069652642758,1.471245097232328,0.572552839744704,0.3009452819824219
64,qSGLD,615.9443840312429,1.6344117702255971,0.39429129876845237,0.01246858565694253,0.8465851385851386,0.8366606170598911,0.8669400017516733,0.6635236543974579,0.9304039224087406,0.5680596828460693
64,cycSGLD,617.295004172167,2.98503191114969,1.204141671885623,0.03807830308681709,0.8223291543291543,0.822141560798548,0.8537801857080743,0.6159504018896725,0.9196035553902805,0.30159902572631836
64,SGHMC,633.352740589573,19.04276832855578,3.24639858239846,0.10266013713120944,0.6532751452751454,0.79491833030853,0.8230621734163694,0.7549608750193362,0.8326791943378915,0.30295348167419434
64,AWSGLD,615.312245889747,1.0022736287297676,0.31124590465422797,0.009842459711069626,0.8443066243066243,0.8275862068965517,0.859719224210492,0.6627348791401448,0.9293004417964504,0.7467527389526367
64,acMH,647.8874478075493,33.577475546532014,4.105908921445571,0.12984024056973373,0.7177882177882179,0.8148820326678766,0.8437745407791486,1.6267528686555497,0.8622953205146343,171.06731867790222
65,SGLD,898.5014330990716,304.73068411118584,6.982457182615821,0.22080468361668254,0.1626024546024546,0.6097122302158273,0.6252998980266792,1.4756030794272699,0.5889437098969472,0.29711318016052246
65,qSGLD,595.4146200576793,1.6438710697934766,0.39658820288748575,0.012541220142774208,0.846946386946387,0.8363309352517986,0.866640415948807,0.6590873393754981,0.9312333916650462,0.5811340808868408
65,cycSGLD,596.5723664003874,2.8016174125016278,1.2388670129081116,0.03917641478838853,0.818986670986671,0.8345323741007195,0.8629393564050805,0.5935475995027011,0.9191619677231186,0.2997269630432129
65,SGHMC,610.5183589690183,16.74760998113254,3.0861011418521853,0.09759108697899294,0.7100538140538142,0.802158273381295,0.8278998533346046,0.7234706492103907,0.8671697776913604,0.3009335994720459
65,AWSGLD,594.7846283493667,1.0138793614809174,0.3121795504680592,0.009871984184065506,0.8499431259431259,0.8435251798561151,0.8725592796586916,0.6545767371236823,0.9355839652602241,0.7701253890991211
65,acMH,624.0697814549558,30.299032467069992,4.129609201045703,0.13058970921692617,0.6904770424770426,0.7823741007194245,0.8186296544348673,1.636986674695514,0.8458624991898372,168.45025944709778
66,SGLD,902.1788677648622,310.6517070917582,7.190119406858621,0.2273715397425213,0.10663166263166264,0.600358422939068,0.6036298076049607,1.5966237964165853,0.5482168053325548,0.29708385467529297
66,qSGLD,593.1586645657998,1.6315038926958323,0.3942327086630952,0.012466732875129751,0.8554002634002635,0.8727598566308243,0.8954435890704308,0.6276011905964534,0.9446796088162311,0.5403904914855957
66,cycSGLD,594.5230502185196,2.9958895454157073,1.2643222622946808,0.03998138045308016,0.8138643698643699,0.8530465949820788,0.8767166114344533,0.6186761143701246,0.9244108727030927,0.2973172664642334
66,SGHMC,612.0184971428155,20.49133646971154,3.439993571431814,0.10878214822061665,0.623003687003687,0.7813620071684588,0.8087121614020759,0.8758223779868588,0.8205168750709546,0.3011794090270996
66,AWSGLD,592.5301925994096,1.0030319263056526,0.3055699074691663,0.009662968920094635,0.856006756006756,0.8691756272401434,0.8927387399195609,0.6284799331102845,0.9459730128610584,0.7333714962005615
66,acMH,624.2315818749562,32.704421201852256,4.420607067626394,0.13979186974337393,0.6318131718131719,0.7562724014336918,0.7950198235746352,1.6627344410201295,0.80738010671597,167.8251714706421
67,SGLD,905.3958045585367,308.3817658699818,7.20523846395035,0.22784964630736118,0.09243786843786846,0.56353591160221,0.5589011069941944,1.591477744575989,0.5449947814032585,0.30272459983825684
67,qSGLD,598.6783033127542,1.6642646241992907,0.39596617183546556,0.012521549793776864,0.8412975252975253,0.8821362799263351,0.9038982019331461,0.6780830589009759,0.9528633775402879,0.5914099216461182
67,cycSGLD,600.1829032942219,3.168864605666954,1.3528397464238935,0.04278054907904134,0.8021302061302061,0.8637200736648251,0.8863444718679137,0.64048069678834,0.9350516419438165,0.3033933639526367
67,SGHMC,616.0519347733398,19.037896084784848,3.3983924515053845,0.1074666052988033,0.639997335997336,0.7955801104972375,0.8218591089458002,0.8202146331825177,0.8521384157226848,0.30373072624206543
67,AWSGLD,598.0309224078542,1.0168837192992441,0.30923900503980334,0.00977899597290067,0.8443345963345965,0.8784530386740331,0.901032899231099,0.6785070896777027,0.9530003908910301,0.7675075531005859
67,acMH,625.2628449731552,28.248806284600278,3.9238984242557633,0.12408456327793904,0.7601766641766642,0.85451197053407,0.8803331522244763,1.5830724186285765,0.9026157460578438,171.53815627098083
68,SGLD,926.202288702488,318.82735581601446,7.701127744972854,0.24353104226030547,0.08045301245301245,0.5989492119089317,0.5962121810699808,1.6293351091497152,0.543539939336787,0.3067789077758789
68,qSGLD,609.0384791606186,1.6635462741451192,0.38695541546934825,0.012236604658198938,0.8713517713517713,0.882661996497373,0.9043606901088123,0.7024135632891475,0.9548128462314102,0.5666322708129883
68,cycSGLD,611.0684167796081,3.693483893134612,1.4698875528694744,0.04648192571398707,0.8321659601659601,0.8581436077057794,0.8829882160352828,0.6225017927914024,0.9367975865348895,0.3018043041229248
68,SGHMC,630.5572187464786,23.182285860005095,3.751518874049185,0.1186334432710577,0.6488002808002808,0.7845884413309983,0.8117750299381076,0.82553847249572,0.8459783065737531,0.3044698238372803
68,AWSGLD,608.3869584016048,1.0120255151313131,0.3001896061557865,0.009492828853611877,0.8702546822546824,0.8844133099824869,0.905749275439839,0.6966929005960537,0.9564498548736727,0.7603254318237305
68,acMH,638.3774381369864,31.002505250512854,4.227879770375659,0.13369729747736764,0.7433175113175113,0.8248686514886164,0.8546443338650118,1.7452406445929414,0.8829518409203173,168.79688715934753
69,SGLD,934.4886655729508,316.5162588353063,7.338534802862011,0.232064846654587,0.07021588621588622,0.5437262357414449,0.5513218491415556,1.597643040068501,0.5299650254287593,0.3016033172607422
69,qSGLD,619.6162818986024,1.6438751609579185,0.39008472415289064,0.012335562087616308,0.8433453993453993,0.844106463878327,0.8732055068829587,0.7389748391232499,0.9361112448059552,0.5710301399230957
69,cycSGLD,620.9641889262729,2.991782188628349,1.2103418196304636,0.03827436897384961,0.809061485061485,0.8384030418250951,0.8655671959643967,0.6730402239711156,0.9179381046349329,0.29984331130981445
69,SGHMC,637.6374525973497,19.665045859705174,3.272907535025407,0.10349842381807603,0.6497953457953458,0.7547528517110266,0.785707566272232,0.8104782003296989,0.8370874845582456,0.3013489246368408
69,AWSGLD,618.9761517203806,1.003744982736066,0.29828326686705325,0.009432545112157253,0.8417210897210898,0.8460076045627376,0.874879438623812,0.7421521630766805,0.9344347114597873,0.7564990520477295
69,acMH,651.1062737747883,33.13386703714377,4.0006691255205675,0.12651226601359056,0.7420745380745382,0.8003802281368821,0.8342468785619015,1.716020193917407,0.8813431518826906,168.51111721992493
70,SGLD,916.5034464460554,310.0318948171763,6.971413095582613,0.22045543891966185,0.18138159738159737,0.6140035906642729,0.6281692387144583,1.4494879169694637,0.5846095861820215,0.30474185943603516
70,qSGLD,607.997682216687,1.5261305878079838,0.3788734342169658,0.01198102997055585,0.8633667353667355,0.8689407540394973,0.8928976778668906,0.6123618170547932,0.9483284768856054,0.594548225402832
70,cycSGLD,608.7682107232322,2.2966590943531173,1.029011057573501,0.0325401867943092,0.8286130806130806,0.8581687612208259,0.8820918096805183,0.5842564554926717,0.9321218556358435,0.3047511577606201
70,SGHMC,623.2899545887155,16.818402959836476,2.9634546478866417,0.09371266429934079,0.7182956862956864,0.8061041292639138,0.8333367560824728,0.7450654616015757,0.8752183375143363,0.3070363998413086
70,AWSGLD,607.4747497637047,1.0031981348256522,0.30599530564465366,0.009676421191564834,0.8633313833313834,0.8653500897666068,0.8900144880772102,0.6161236335043077,0.9474855218418569,0.781195878982544
70,acMH,643.9995619927531,37.528010363874046,4.647802246222503,0.14697641212109833,0.663996315996316,0.7935368043087971,0.8218715413066878,1.7253380768500182,0.8385822144591105,173.58279156684875
71,SGLD,901.1753559408874,301.71589628043444,7.226003046727519,0.2285062800697508,0.07533077133077133,0.5683060109289617,0.5799090463159265,1.5867670949027417,0.5361612930585342,0.306241512298584
71,qSGLD,601.0588988383912,1.5994391779382795,0.39678178660795294,0.012547341797520265,0.8292469812469813,0.8652094717668488,0.8865215210438152,0.7238348777972513,0.9298381657438035,0.5894792079925537
71,cycSGLD,602.4218148386637,2.962355178210828,1.3765868559033192,0.043531498617044945,0.781934245934246,0.8451730418943534,0.8672509976007914,0.6691324330486446,0.9074673161038614,0.3005337715148926
71,SGHMC,618.4243647210291,18.964905060576143,3.4858624360418053,0.11023264907915126,0.6095363855363856,0.7668488160291439,0.7959920637872615,0.8406287559140055,0.8112027916106285,0.30722522735595703
71,AWSGLD,600.4641551623868,1.0046955019338384,0.30937944522912575,0.009783437081633511,0.826889218889219,0.8761384335154827,0.8953113795748845,0.7223342218271674,0.9316758145226758,0.7646219730377197
71,acMH,628.3353091527036,28.875849492250723,3.77111107653464,0.11925300311339018,0.657916821916822,0.7978142076502732,0.8192809423079531,1.6123502727663763,0.8409646242513096,170.30753636360168
72,SGLD,920.8554952496108,304.50072280875816,7.131872127386937,0.2255295990361324,0.13462598662598663,0.575925925925926,0.5682352321900909,1.435079069195911,0.5516505636070854,0.30622386932373047
72,qSGLD,617.8888377936,1.5340653527473478,0.38649664093876857,0.012222096933707873,0.8281164721164722,0.8703703703703703,0.8914587797693907,0.6924706894968893,0.9270652173913044,0.5733354091644287
72,cycSGLD,619.1067679877577,2.75199554690505,1.2512443935311894,0.03956782193074613,0.7773355293355294,0.8481481481481481,0.8697450282522196,0.6360858295154962,0.9013848631239936,0.306018590927124
72,SGHMC,634.2759125691305,17.921140128277784,3.256502937547269,0.10297966489678433,0.6549448029448031,0.7685185185185185,0.7964289072962722,0.7383125395890078,0.8388083735909824,0.30660223960876465
72,AWSGLD,617.3569066808597,1.002134240006967,0.314072046348033,0.009931830158497527,0.8274410634410635,0.8722222222222222,0.8932661892294965,0.6937149563559002,0.9286433172302737,0.7642216682434082
72,acMH,649.3715550499943,33.016782609141615,3.7760305280532664,0.11940856982976653,0.6606863526863527,0.7703703703703704,0.8059695580843828,1.535530858983816,0.8354307568438002,172.9564230442047
73,SGLD,912.7930898754034,306.2218088657454,7.110990890174521,0.22486927633659748,0.07268865668865669,0.5800711743772242,0.5735427354195097,1.630322643528516,0.5319715952485415,0.3007349967956543
73,qSGLD,608.1299850869672,1.5587040773091303,0.3844283493598033,0.012156691811159113,0.8504832224832225,0.8327402135231317,0.8642104312529036,0.6304935586274312,0.9395383415395114,0.5630052089691162
73,cycSGLD,609.161819890801,2.5905388811429475,1.1184221030880406,0.03536761231233847,0.823088419088419,0.8309608540925267,0.8607148822254505,0.6184213663472364,0.9268797023026049,0.30092406272888184
73,SGHMC,625.0115010250813,18.44022001542328,3.160419874265608,0.09994125165142288,0.6631314271314271,0.7793594306049823,0.8094955057535418,0.8179286814676066,0.8353036285932498,0.30486369132995605
73,AWSGLD,607.5718190388559,1.0005380291978554,0.3065414901925863,0.0096936930635074,0.8497538857538859,0.8434163701067615,0.872785061048454,0.6264899204397354,0.9399770877004827,0.7412798404693604
73,acMH,641.6522894288555,35.081008419197474,4.211575591565478,0.13318171407317939,0.7611259971259972,0.8309608540925267,0.8606221768609394,1.5714905658576523,0.8971302751100928,172.4770519733429
74,SGLD,926.5936881312463,314.2217450275738,7.14267039350836,0.22587107019337577,0.07192916392916393,0.5685557586837294,0.5724886383012648,1.5610615663705423,0.5330782796792458,0.29676246643066406
74,qSGLD,614.0352935635073,1.66335045983476,0.40080771546064836,0.012674652846243329,0.832838404838405,0.8446069469835467,0.8717008102857879,0.7051969500509664,0.9210665439826305,0.5802931785583496
74,cycSGLD,615.1537346261639,2.781791522491403,1.1334559546728027,0.035843024442466266,0.7907348027348027,0.8226691042047533,0.8511131650380062,0.6575982044320967,0.9002062221791752,0.2956535816192627
74,SGHMC,630.6622815518479,18.290338448175362,3.143087788273829,0.09939316296806369,0.6317116997116997,0.7586837294332724,0.7895707786501394,0.8039903356094906,0.8160425519893784,0.300553560256958
74,AWSGLD,613.389542442334,1.0175993386615119,0.3076195955416902,0.009727785748115192,0.8345832425832427,0.8354661791590493,0.8648565171474275,0.7043802228316992,0.9245775673854175,0.7647786140441895
74,acMH,646.3942477640448,34.022304660372356,3.966250851092533,0.1254238646103374,0.6401599241599242,0.7678244972577697,0.8000758513020879,1.6304992148432729,0.8308130642355857,167.9293303489685
75,SGLD,911.373163953026,309.1446804345783,7.26059475512723,0.22960016593674545,0.09841496641496643,0.573502722323049,0.5836094666327243,1.5065017890917163,0.5388057348655411,0.2945444583892822
75,qSGLD,603.8912800697826,1.66279655133485,0.3938229606250755,0.012453775504460472,0.8619137739137739,0.8820326678765881,0.9034031444471861,0.6857586609474741,0.953075800629752,0.5420167446136475
75,cycSGLD,605.3150508435233,3.086567325075521,1.348532638034409,0.04264434635264142,0.8252134892134894,0.852994555353902,0.8778085835716293,0.6048899799245112,0.9325502528304479,0.2972850799560547
75,SGHMC,620.9035613792696,18.67507786082183,3.373336462545335,0.1066742653573854,0.7026960906960907,0.8130671506352087,0.8372931105768388,0.7422651767654364,0.8667658317131435,0.3075432777404785
75,AWSGLD,603.2425343730666,1.0140508546188585,0.3087961098690166,0.009764990397856917,0.8585747225747226,0.8784029038112523,0.9005619489408897,0.6838852449443162,0.9516812921636708,0.7312464714050293
75,acMH,632.2120971478203,29.983613629372485,3.7337292313664783,0.11807088537467868,0.6585292425292426,0.7840290381125227,0.8205501240523548,1.5456380778195413,0.8491060998629744,167.50844931602478
76,SGLD,894.1264232509475,299.9420600878682,6.987318479418721,0.22095841131947508,0.11639088839088839,0.5805860805860806,0.5921785786626831,1.5980600889340502,0.5587653902631876,0.3011207580566406
76,qSGLD,595.8170732769058,1.6327101138265334,0.39786227014065173,0.012581509686896596,0.8503930903930904,0.8443223443223443,0.8735625888213897,0.7271698147363538,0.9417469461522325,0.5808815956115723
76,cycSGLD,597.2220009753346,3.037637812255298,1.2843143853993846,0.040613586895813555,0.832933408933409,0.8388278388278388,0.867907642225164,0.7070082232033256,0.9335455293605074,0.302962064743042
76,SGHMC,612.359242315166,18.174879152086646,3.2693989550528113,0.10338747277741349,0.6131770211770212,0.7893772893772893,0.8170504114787305,0.8942848694619397,0.8170797631150054,0.30330634117126465
76,AWSGLD,595.1873371431924,1.0029739801130972,0.3101434636774543,0.00980759746634457,0.8517814557814559,0.8443223443223443,0.8735117277949904,0.7167983931519006,0.9422834874376723,0.7568647861480713
76,acMH,623.8883707900565,29.70400762697716,4.179934684999777,0.1321811407533775,0.6831385431385432,0.7985347985347986,0.8329882509053632,1.7582919694922476,0.8536412192799858,171.14721965789795
77,SGLD,917.3546892652539,307.2935775521414,7.335482697977923,0.23196833062367256,0.06930394530394532,0.5765765765765766,0.5688029104705556,1.5912997017891957,0.5327786213179471,0.2998676300048828
77,qSGLD,611.6154143236284,1.554302610515947,0.379654875770225,0.012005741322221838,0.8186968226968228,0.8342342342342343,0.8638961565318287,0.8429127806129063,0.9265269764146168,0.5702724456787109
77,cycSGLD,613.0488620146361,2.987750301523647,1.4572865550929044,0.046083447176340275,0.7833933633933634,0.827027027027027,0.8551657406533383,0.7466958242909307,0.9108087863144043,0.2993016242980957
77,SGHMC,628.932928387181,18.871816674068555,3.5694894563259614,0.11287716765946162,0.5497010857010858,0.7639639639639639,0.7913482150360964,0.879715978124417,0.7801113473023585,0.3029649257659912
77,AWSGLD,611.0651045589395,1.0039928458270424,0.3107400661287719,0.009826463692382603,0.8148079548079549,0.8378378378378378,0.8666020932768502,0.8384448979099818,0.9253203765563317,0.7541604042053223
77,acMH,634.9478508424784,24.88673912936588,3.403258849596414,0.10762049431849079,0.6550405270405271,0.7657657657657657,0.8054256862890692,1.7039686640396858,0.8238607146472314,169.34989857673645
78,SGLD,919.0456766845924,312.7923137866683,7.166269355611537,0.2266173348999961,0.06546094146094146,0.5539033457249071,0.5414573658775798,1.5885264060027835,0.5109190685398863,0.29934167861938477
78,qSGLD,607.8152959443154,1.561933046391232,0.3855995445878577,0.012193728256212833,0.8611451611451612,0.8643122676579925,0.8885064412725581,0.627321389850817,0.9462294211364843,0.5524511337280273
78,cycSGLD,608.5515178266061,2.2981549286819245,0.9786230821731123,0.030946779104811573,0.8253323613323613,0.8550185873605948,0.8784293544553118,0.5893825826821574,0.9272316902428427,0.30086612701416016
78,SGHMC,624.5374712874336,18.28410838950947,3.0089686637428423,0.0951519438550069,0.6964130644130645,0.7825278810408922,0.8106194313194949,0.7626127139606242,0.8544271713416696,0.30304956436157227
78,AWSGLD,607.2560738679255,1.002710970001317,0.3095560467519303,0.009789021712136674,0.8655746175746176,0.8605947955390335,0.8861035076896788,0.6238340571843044,0.9477300889940296,0.7333433628082275
78,acMH,644.2926927586492,38.03932986072505,4.45399116021139,0.14084756744523919,0.6918145518145519,0.8215613382899628,0.8450732366629979,1.642241333877097,0.8675389047136259,168.4414188861847
79,SGLD,911.4017065824728,309.2945029971139,7.383503667091368,0.2334868870021434,-0.004947952947952948,0.552158273381295,0.5538248460686955,1.6722342113777309,0.5088591289130857,0.30100536346435547
79,qSGLD,603.7479436623059,1.6407400769470541,0.39665495220521185,0.012543330941536975,0.84604515004515,0.8345323741007195,0.8657655713579478,0.7385119112617906,0.9369207336833236,0.5577118396759033
79,cycSGLD,605.5331200628341,3.425916477475198,1.4085025460604037,0.044540761356970986,0.8009975729975731,0.8327338129496403,0.8609748927170587,0.7006669872142863,0.9184652278177459,0.29923272132873535
79,SGHMC,623.6127853045315,21.505581719172596,3.647905093318614,0.11535688783015899,0.4705247425247425,0.7122302158273381,0.7461643371509864,0.9299419161942571,0.7488374165532439,0.30350255966186523
79,AWSGLD,603.1196612599656,1.0124576746067078,0.30824501914388136,0.009747563378968704,0.8471999111999113,0.8309352517985612,0.8627977642934239,0.7322908579228224,0.9360862661222373,0.74806809425354
79,acMH,629.3302443013991,27.22304071604026,3.5689994520288644,0.11286167236304065,0.7494883254883256,0.8165467625899281,0.8480932774220178,1.5794271688161785,0.881185592066887,169.1958405971527
80,SGLD,891.5922806044048,294.7346132062411,7.042857108142099,0.22271469696835838,0.1605505125505126,0.607773851590106,0.6173257578118583,1.4480712039363544,0.5659775935907247,0.2967369556427002
80,qSGLD,598.5107135029622,1.6530461047984772,0.40011252950770904,0.012652669136156898,0.7994340914340915,0.8621908127208481,0.8792342419567075,0.6563333771365332,0.9096253114262918,0.5465829372406006
80,cycSGLD,599.8879661105573,3.0302987123935736,1.3765633348476478,0.043530754815956,0.7855981135981137,0.8621908127208481,0.8780430763658603,0.5832581092492742,0.9037346729413297,0.29731011390686035
80,SGHMC,614.0972577456816,17.239590347517947,3.3146951439261034,0.10481986403906128,0.6832471552471553,0.7968197879858657,0.8185252952064576,0.7018451428954121,0.8508654801257104,0.2982048988342285
80,AWSGLD,597.8693980185852,1.011730620421531,0.3092427627582741,0.009779114802392401,0.8020317580317581,0.8586572438162544,0.8766911196730233,0.6460696542547372,0.9105046327205224,0.7394833564758301
80,acMH,627.3377312086768,30.480063810513116,3.9845805130751697,0.12600349941639866,0.7133638733638734,0.8056537102473498,0.8350748278629739,1.504023004929064,0.8655289768933904,167.06701517105103
81,SGLD,934.279821488572,315.65685542264964,7.617608755293254,0.24088993990766913,0.001880809880809881,0.543010752688172,0.5500607060031174,1.6556162692006473,0.4896649313157852,0.29727888107299805
81,qSGLD,620.2271665995044,1.6042005335820022,0.38880623633046285,0.0122951327528197,0.8395753675753678,0.8637992831541219,0.8885595767473671,0.7289123136806359,0.9379368786389659,0.5706655979156494
81,cycSGLD,621.9040460254322,3.2810799595098388,1.3692216616819881,0.04329859072555578,0.7907501627501629,0.8422939068100358,0.8676811599023265,0.6771615862508079,0.9116025235569828,0.29883527755737305
81,SGHMC,641.6007259065863,22.977759840663907,3.7342222729679144,0.11808647671909624,0.5625710145710147,0.7508960573476703,0.7817503409800388,0.885120904379946,0.7825662109343323,0.30234599113464355
81,AWSGLD,619.6278535035782,1.0048874376558388,0.3028697958703928,0.009577583894207004,0.8406192246192247,0.8602150537634409,0.8857572738490919,0.7297077462725265,0.9388126631959649,0.7561135292053223
81,acMH,650.0155927942697,31.392626728347295,3.7897233157007952,0.11984157379459864,0.7662540942540943,0.8405017921146953,0.869156363161361,1.6133901528744614,0.9002903063624126,168.864905834198
82,SGLD,919.8405943982843,317.58221759877983,7.5200920838671355,0.23780619199222117,0.057127509127509135,0.533203125,0.5426021447045155,1.6106629772767904,0.5341396644467213,0.30023956298828125
82,qSGLD,603.9012003237649,1.6428235242603932,0.39525994022896,0.012499216789455293,0.8610529650529651,0.86328125,0.8889601368190249,0.7081726826976927,0.9499671810963115,0.5624024868011475
82,cycSGLD,605.3910045077395,3.1326277082349634,1.302125086496295,0.04117681071772052,0.8336806736806738,0.83984375,0.868436435787879,0.6460878158757194,0.9345342917520492,0.3003685474395752
82,SGHMC,623.5010219766116,21.24264517710708,3.503787562200479,0.11079949133922402,0.6426597546597547,0.75390625,0.786158382054754,0.8401173380805503,0.8388031506147541,0.30275988578796387
82,AWSGLD,603.2697986695871,1.0114218700825859,0.31099293223720326,0.009834460020839665,0.8609245049245049,0.857421875,0.8843049763260213,0.7153398735262374,0.9488345286885246,0.7406506538391113
82,acMH,633.2279580245403,30.969581225035768,3.6579754715977906,0.11567534115277585,0.6882356202356202,0.78515625,0.8232029046498941,1.5283087483699578,0.8621005699282787,171.11863112449646
83,SGLD,921.051521745432,303.4669590753547,7.1605732194437826,0.22643720725847047,0.08374385974385976,0.6070175438596491,0.6116775415415341,1.5628633289673366,0.5383353733170134,0.29724740982055664
83,qSGLD,619.2141429405784,1.629580270501151,0.39250949784022177,0.01241224016424042,0.8287221727221727,0.8456140350877193,0.8733387634405767,0.6910416140767136,0.9298327213382294,0.5828087329864502
83,cycSGLD,620.7131734785535,3.1286108084761963,1.3096081048492199,0.04141344453540136,0.799028131028131,0.8298245614035088,0.8586046393393829,0.6519290641216801,0.914875560995512,0.29692959785461426
83,SGHMC,637.4149678613453,19.830405191268028,3.441643506144132,0.10883432373743164,0.563035055035055,0.7824561403508772,0.8098044224586771,0.832088132293258,0.7843614851081192,0.30049824714660645
83,AWSGLD,618.596074765573,1.011512095495732,0.30944688207017834,0.00978556962179284,0.8314288114288115,0.8403508771929824,0.8694154568267514,0.6893960176101455,0.9294165646674826,0.7567055225372314
83,acMH,648.8993759617687,31.314813291691394,3.604878622147182,0.11399627134434603,0.7403128163128164,0.8192982456140351,0.8468995815568378,1.4767900946855443,0.8809791921664626,167.43802523612976
84,SGLD,924.2186564422943,314.9113788944759,7.276908898659702,0.23011606445312058,-0.04621753021753022,0.5350553505535055,0.5271593898187164,1.80558406313854,0.47003657809503857,0.30565786361694336
84,qSGLD,610.762173184573,1.4548956367545998,0.3739669663717363,0.011825873833982814,0.8340128940128941,0.8247232472324724,0.8581838765401884,0.7198901655201392,0.933172464912422,0.5676522254943848
84,cycSGLD,611.6205993244848,2.3133217766663847,1.0548942455982724,0.03335868506695592,0.815981555981556,0.8228782287822878,0.8556872763709518,0.7134730447370066,0.9255949983080618,0.3046088218688965
84,SGHMC,629.5293218580165,20.222044310198044,3.304118278071402,0.10448539417299203,0.447036171036171,0.6863468634686347,0.7264355216001379,0.9858964507649023,0.7229007879598447,0.30582475662231445
84,AWSGLD,610.309165333696,1.0018877858775568,0.3096638000171247,0.00979242916957002,0.8353501153501154,0.8228782287822878,0.8567775569591087,0.7159355841339994,0.9350899950047535,0.7606759071350098
84,acMH,642.2135682548181,32.9062907069997,4.149886454555169,0.13123093227475172,0.6470425790425791,0.7785977859778598,0.8169199305329115,1.6940928835467908,0.8383352938332876,171.72292709350586
85,SGLD,915.1759943843394,307.6722794122933,7.013219494375884,0.22177747332922232,0.16037598437598438,0.5962616822429907,0.6063434261909296,1.4662306925677135,0.5785026630489398,0.30106210708618164
85,qSGLD,609.1301907923804,1.6264758203342353,0.38932347564494385,0.012311489296111141,0.8676873156873158,0.8841121495327103,0.9054977499005783,0.5996651993291685,0.9587820319565872,0.5493559837341309
85,cycSGLD,610.0446589466459,2.5409439745997133,1.024202368824183,0.03238812270424249,0.8451889731889732,0.8560747663551402,0.8826600751207361,0.5596743806960615,0.9469038287609284,0.30403637886047363
85,SGHMC,624.6600648988962,17.156349926849998,2.9351067833267623,0.0928162261112289,0.7332881772881773,0.8242990654205608,0.8528828903512197,0.6920070527815498,0.8929353833785548,0.30397939682006836
85,AWSGLD,608.504539034613,1.000824062566835,0.30611189459835614,0.009680108058001994,0.8662240822240822,0.8803738317757009,0.9024662854034251,0.6005573129906068,0.9574354336247612,0.7331268787384033
85,acMH,645.9619788510985,38.45826387905231,4.66313145186381,0.14746116416657468,0.6248197208197209,0.7682242990654206,0.8015214328809102,1.7078710772631045,0.8204120188925735,172.60492634773254
86,SGLD,925.5965159222785,317.0864924527159,7.532886633105314,0.2382107911644993,0.007107907107907108,0.5783783783783784,0.5619482511504844,1.6944521597065387,0.5160279380504099,0.3081815242767334
86,qSGLD,610.153010126213,1.6429866566503506,0.38114516389160324,0.012052868370556327,0.8547976107976107,0.8882882882882883,0.9079647937251872,0.5790774892452251,0.954209940277356,0.5878665447235107
86,cycSGLD,611.5948648060404,3.08484133647778,1.2055868345453313,0.038124003142758135,0.805942561942562,0.8828828828828829,0.900504996328855,0.557816676795938,0.9334709990889765,0.30181026458740234
86,SGHMC,631.0065687655358,22.496545295973192,3.534004665905084,0.11175504005922463,0.626888366888367,0.7855855855855856,0.8105900949511009,0.8099062008331211,0.8477781151938455,0.30679893493652344
86,AWSGLD,609.527137754117,1.0171142845543955,0.3024333939206621,0.009563783652842132,0.8623130383130383,0.8936936936936937,0.9126378318484965,0.5755521450642977,0.9575544083409252,0.7751688957214355
86,acMH,645.4455717126202,36.93554824305761,4.450818946640755,0.14074725324416218,0.7367310887310888,0.8216216216216217,0.8503690252111273,1.573377038436754,0.8766960218645612,170.22848892211914
87,SGLD,924.276891520623,311.5517635636488,7.293838875276467,0.2306514373215443,0.09756187356187357,0.6065857885615251,0.6149227220095237,1.5377723468523024,0.5567273457313651,0.2961997985839844
87,qSGLD,614.3667163088815,1.6415883519072167,0.393668439656266,0.012448889122383537,0.8311555711555711,0.8804159445407279,0.900295819743272,0.6181027103008446,0.9416727099901259,0.54388427734375
87,cycSGLD,615.873147006605,3.1480190496307614,1.277061170793201,0.040384220110678146,0.7764727644727645,0.8804159445407279,0.8968450974370257,0.5838019889365539,0.9197938304837526,0.29468297958374023
87,SGHMC,633.0816893408106,20.35656138383638,3.4376186704193024,0.10870704725644686,0.5851476331476332,0.7712305025996534,0.7919353436466199,0.7870513461945048,0.8245059839145166,0.30000853538513184
87,AWSGLD,613.7355619316577,1.0104339746834512,0.30340690399047926,0.00959456874429945,0.8368297408297409,0.8838821490467937,0.9035306417551452,0.6059124243925987,0.9461099434181037,0.7389631271362305
87,acMH,647.9463041809394,35.22117622396513,4.290969419490467,0.1356923673572038,0.7313968553968554,0.8249566724436742,0.8548551070224746,1.5525027116148293,0.8776995218604423,168.67756605148315
88,SGLD,900.8765795678471,301.3116884611228,7.091518526673992,0.22425350613571343,0.08312362712362713,0.5743494423791822,0.5858306592733835,1.5291452316788332,0.5471603984615137,0.3042728900909424
88,qSGLD,601.2344218196472,1.6695307129228922,0.4028067039373383,0.012737866412271034,0.8164327204327204,0.8587360594795539,0.8807933817790412,0.7336208099898404,0.9227055472408632,0.576913595199585
88,cycSGLD,602.6981457738057,3.13325466708136,1.3744156091552053,0.04346283776618221,0.7762414762414762,0.8494423791821561,0.8694550768363793,0.6745649979384603,0.9030238658491446,0.30457401275634766
88,SGHMC,617.4958846474592,17.930993540734903,3.3306902870273607,0.1053256748760643,0.6028550428550429,0.7379182156133829,0.7618325736530613,0.7849689396057711,0.811430824441977,0.30783939361572266
88,AWSGLD,600.578737960314,1.0138468535897118,0.3131083162269009,0.009901354336172655,0.8157687597687598,0.8643122676579925,0.885259298493959,0.7336123352169539,0.9241257503339289,0.7617015838623047
88,acMH,626.8297576615751,27.264866554850755,3.7562105703448307,0.11878180773489787,0.6864360144360144,0.7881040892193308,0.8158159115773514,1.6390378214574712,0.8570141135196897,172.57194542884827
89,SGLD,925.2937283495115,318.02083704396125,7.323073623584631,0.2315759212362998,0.10311049911049912,0.5827205882352942,0.5927003001032549,1.6034658932296173,0.5523655185758514,0.3018453121185303
89,qSGLD,608.9205203075744,1.6476290020241322,0.38967457398748695,0.0123225920005626,0.859885711885712,0.8878676470588235,0.9087623983281252,0.6283509428388008,0.9572408733230133,0.5711445808410645
89,cycSGLD,610.2020777949399,2.929186489389622,1.14602386435242,0.03624045664261495,0.8263978663978664,0.8676470588235294,0.8906209595997838,0.6067403963443784,0.940297665118679,0.30025506019592285
89,SGHMC,627.130447900013,19.85755659446272,3.2387844621168043,0.10241935750652431,0.6976199176199176,0.8180147058823529,0.8439106534954284,0.7938305638383888,0.8713315918472653,0.3042716979980469
89,AWSGLD,608.2858917567353,1.0130004511850075,0.304554359013912,0.00963085445816594,0.859994707994708,0.8823529411764706,0.9041782960036899,0.6267484691448058,0.9571320304437564,0.7595822811126709
89,acMH,644.3839439949367,37.11105268938638,4.068823659646503,0.12866750162064686,0.6662568662568663,0.7867647058823529,0.8248258891902812,1.5095673736621273,0.851768092105263,169.53359174728394
90,SGLD,917.0517158395891,309.07812164136965,7.080920422263736,0.2239183646475466,0.1127847047847048,0.584870848708487,0.5852801226103714,1.5810667487715673,0.5567000757343818,0.3014955520629883
90,qSGLD,609.6032766612742,1.6296824630547917,0.3968074037623111,0.012548151883069705,0.8462499902499903,0.8284132841328413,0.8611075514750113,0.6752070048059604,0.9381435408240548,0.560495138168335
90,cycSGLD,610.7319502787379,2.7583560805185243,1.1082772210177783,0.035046802972980136,0.8418324498324499,0.8265682656826568,0.8593233114455362,0.6374340994028899,0.9353437857522681,0.3023643493652344
90,SGHMC,626.407346378415,18.433752180195597,3.0849324281484556,0.09755412900662855,0.6621572661572662,0.8007380073800738,0.8274997161962087,0.808101647426979,0.8371871928326271,0.30336904525756836
90,AWSGLD,608.991061800401,1.0174676021815685,0.3112593291050355,0.009842884229478512,0.8481037401037402,0.8265682656826568,0.8596904015414141,0.6618264665408785,0.9393037270984065,0.742060661315918
90,acMH,644.2099758658305,36.23638166761111,4.256517432541175,0.13460289987042223,0.6690783570783572,0.7638376383763837,0.8048063353056687,1.6438180062643435,0.8385246297877826,168.1547782421112
91,SGLD,916.6041141103167,313.34003716613654,7.293562728420487,0.2306427047912084,0.09252213252213252,0.6024955436720143,0.6027449418318505,1.587238532496435,0.5541682400854315,0.30547142028808594
91,qSGLD,604.8429890667846,1.5789121226044927,0.38342174593157746,0.012124860215821836,0.8587604107604109,0.8680926916221033,0.8932303841763338,0.5293687209376325,0.9521031025787826,0.5747213363647461
91,cycSGLD,606.0619236388624,2.797846694682221,1.142266017168523,0.03612162308061531,0.8446148566148567,0.8502673796791443,0.8785650981950416,0.5280881475961685,0.9459393614559097,0.3073923587799072
91,SGHMC,623.8038921599648,20.539815215784643,3.2984963283258724,0.10430761251212331,0.699951975951976,0.8199643493761141,0.8460196286895552,0.7508869814894088,0.8710974139086157,0.30911922454833984
91,AWSGLD,604.2651017296195,1.0010247854393128,0.30684235359531914,0.009703207199679643,0.8541162381162382,0.857397504456328,0.8845779934852013,0.5335882101855141,0.947234640387528,0.7676496505737305
91,acMH,641.4024045481084,38.138327603928246,4.8430476316796085,0.15315061332791802,0.7466710106710108,0.8235294117647058,0.8550066363983889,1.6305781627405043,0.892053321639279,171.57655882835388
92,SGLD,911.7807563248216,302.8227498409143,6.942260932589602,0.219533566581878,0.20584501384501386,0.6344086021505376,0.6414758697454419,1.4144107575270017,0.6151778329197685,0.29950904846191406
92,qSGLD,610.6055069936331,1.6475005097257736,0.3915488621134623,0.012381862195257509,0.8535622335622336,0.8781362007168458,0.9000771306827515,0.6020823352614011,0.9497396973677809,0.5461688041687012
92,cycSGLD,611.6303449298217,2.67233844591442,1.1098077919341285,0.03509520387514091,0.8206242766242767,0.8709677419354839,0.8918927059122127,0.5493478927411662,0.9326294620412267,0.30097174644470215
92,SGHMC,626.5804147436398,17.622408259732538,3.0598812775692044,0.09676194206824575,0.7155171075171075,0.8118279569892473,0.8383610361694792,0.7001639255700193,0.881116300945523,0.30096983909606934
92,AWSGLD,609.9729361261717,1.0149296422644056,0.31131125252933883,0.009844526192325651,0.8541684261684263,0.8709677419354839,0.8943770512380005,0.6096466088250552,0.9468690702087286,0.7427191734313965
92,acMH,645.2473545121429,36.28934802823562,4.228567436434547,0.1337190433875244,0.7344750264750265,0.8136200716845878,0.8434775648149588,1.5238361984647995,0.8786186931348222,168.4382665157318
93,SGLD,913.9747870700778,302.1763159493722,6.962584858305842,0.2201762655444718,0.1173835893835894,0.570631970260223,0.5605201767470965,1.4861495940461786,0.5559914063631535,0.3003358840942383
93,qSGLD,613.4276345673375,1.6291634466318783,0.38936180872601733,0.01231270149457038,0.8192390432390433,0.8643122676579925,0.8852562302367447,0.6859682976980104,0.9287766137208516,0.5790784358978271
93,cycSGLD,614.5903923920552,2.7919212713495654,1.1717259583225426,0.03705322821842761,0.7843214563214564,0.8698884758364313,0.8861184558115157,0.625427135957515,0.9120318962326397,0.30018067359924316
93,SGHMC,628.8184326840109,17.019961563305287,3.0683405780605777,0.09702944863789098,0.6580911100911101,0.7676579925650557,0.7934662731486974,0.7380839542228249,0.8431460113616248,0.30275559425354004
93,AWSGLD,612.8134484114338,1.0149772907282113,0.30526280237398523,0.009653257404276484,0.8275575835575836,0.8698884758364313,0.8901212082072065,0.6818599236882454,0.9300761196671978,0.7633049488067627
93,acMH,646.2355462729579,34.437075152252305,4.3055360894938906,0.13615300590855253,0.7331799371799373,0.8122676579925651,0.8434366067607327,1.6954790446443744,0.880948357714157,169.2043776512146
94,SGLD,918.0001601931556,307.0607173051284,6.856506736197986,0.21682178078672895,0.11926921126921126,0.549618320610687,0.5644780560141098,1.506939076358899,0.5472288151901982,0.30043482780456543
94,qSGLD,612.5637802517617,1.6243373637345258,0.3994212287895599,0.012630808287982282,0.8183246423246423,0.8530534351145038,0.8761606174025223,0.7434723650060905,0.9207053050227725,0.5787718296051025
94,cycSGLD,613.3445974434703,2.4051545554431186,1.0360977656020534,0.03276428817913747,0.7961277281277281,0.8454198473282443,0.8677466703197962,0.6755251312967178,0.9090143691064211,0.3017106056213379
94,SGHMC,626.0596099644335,15.120167076406346,2.7855783416724273,0.08808772160519598,0.6943031263031263,0.7633587786259542,0.7958280267276477,0.7612560392706363,0.8540958368080057,0.3018667697906494
94,AWSGLD,611.9410934773805,1.0016505893532894,0.3078166425465559,0.009734016921530092,0.8198471918471919,0.8549618320610687,0.8775344851568694,0.7352439203398488,0.9195987555327474,0.7533011436462402
94,acMH,644.0536747503007,33.11423186227353,4.051806574096946,0.1281293741259015,0.6028918828918829,0.7385496183206107,0.7764807566920585,1.7193625629023066,0.8058647122971325,170.7689561843872
95,SGLD,924.0233128161653,316.9859160988718,7.772033220174298,0.24577327026243698,-0.026656286656286655,0.5630550621669627,0.5590644954623987,1.7004057665017362,0.4881051574801549,0.2973213195800781
95,qSGLD,608.6898567978095,1.6524600805159935,0.3792830221168085,0.011993982277211329,0.8159033999034,0.8774422735346359,0.895456957070468,0.7402286000016264,0.9287650743199029,0.5724031925201416
95,cycSGLD,610.7265379685409,3.689141251247406,1.5051485157312006,0.0475969752653237,0.7657508017508019,0.8650088809946714,0.8818264431698721,0.6840916252563947,0.9050648089061948,0.2976505756378174
95,SGHMC,631.0607279600146,24.023331242721042,3.956606650360549,0.12511888820508807,0.4937328617328618,0.7424511545293073,0.7638383688597132,0.9150957260504932,0.7674032947067646,0.3027381896972656
95,AWSGLD,608.0549940950359,1.0175973777423906,0.2975384519360643,0.009408991995984993,0.8182217902217902,0.8863232682060391,0.9019820066481704,0.7297932708144681,0.9289398490434133,0.7614824771881104
95,acMH,635.5423616779653,28.504964960671828,3.7546069774186357,0.11873109767403275,0.7448369408369409,0.827708703374778,0.8564097529690466,1.566834631866117,0.8783202116806418,167.91703701019287
96,SGLD,917.0021283460204,314.23489033064163,7.388435490175806,0.23364284494178159,-0.014194706194706195,0.5228136882129277,0.5121784499444817,1.6995518159777132,0.5030883509008359,0.2974371910095215
96,qSGLD,604.403405964573,1.6361679491942596,0.3945646003156078,0.01247722821071312,0.8326767646767647,0.8460076045627376,0.8735943798587709,0.7867716961275822,0.9299706406122155,0.5818932056427002
96,cycSGLD,605.9073699352216,3.1401319198428155,1.3512994530319706,0.04273184072520751,0.8000231720231721,0.8250950570342205,0.8540132784424076,0.7275078705097064,0.915286935874605,0.2986016273498535
96,SGHMC,623.5460929927154,20.778854977336664,3.548320929909059,0.11220776007759307,0.5262556662556663,0.7167300380228137,0.7517307221087243,0.9319442795355342,0.7739287032134893,0.30109643936157227
96,AWSGLD,603.7674793320205,1.0002413166416773,0.30999494675052236,0.009802900948742633,0.8345954345954346,0.8365019011406845,0.8659728378427071,0.7922085811751595,0.929356981277374,0.7747552394866943
96,acMH,631.6228048631322,28.85556684775338,3.818344824389826,0.120746665369875,0.5883870003870004,0.7509505703422054,0.7840884853049214,1.7488906104638187,0.8007692801334809,168.6894407272339
97,SGLD,905.6245049289032,313.7817158005819,7.302721533246649,0.2309323316301645,0.00841940041940042,0.5337078651685393,0.5326747391834007,1.6877399978509346,0.49273038530163477,0.3026845455169678
97,qSGLD,593.473550651427,1.6307615231056616,0.3952205922255979,0.01249797249633525,0.8452657372657373,0.8370786516853933,0.8672799008025424,0.6383562045484931,0.9312139332272429,0.5649337768554688
97,cycSGLD,594.6700108773348,2.827221749013461,1.172596209679311,0.03708074798267002,0.8123649203649205,0.8295880149812734,0.8585638248598995,0.6125646963975381,0.9159312661747923,0.30037975311279297
97,SGHMC,612.139609466079,20.29682033775771,3.3789686169489475,0.10685236971787704,0.5911954711954712,0.7340823970037453,0.7604668127748637,0.8728773753799669,0.7977889762260693,0.30469417572021484
97,AWSGLD,592.8550368306213,1.0122477022999874,0.3124075713299261,0.009879194836840846,0.8479031359031359,0.8370786516853933,0.8675419006530469,0.6326640119066023,0.9332071498609572,0.7491652965545654
97,acMH,625.3446875049062,33.501898376584904,4.432609382847077,0.1401714162763006,0.5311295791295791,0.7228464419475655,0.7519036962857863,1.67731521192036,0.7673723296523123,171.95927047729492
98,SGLD,910.0822339034303,305.7698664188341,6.938018841967607,0.2193994198978145,0.17009151809151812,0.6119133574007221,0.6214900279065568,1.4386853364957624,0.5816969127907918,0.30093955993652344
98,qSGLD,605.9007169811288,1.5883494965326008,0.39107901330834155,0.012367004271456608,0.8635806715806716,0.871841155234657,0.8955850416551784,0.5351329643708634,0.9485478622654644,0.616797685623169
98,cycSGLD,606.6940806790371,2.3817131944409766,1.0517052449311481,0.03325784001127683,0.8346126906126908,0.8537906137184116,0.8793761902943319,0.5043937737685471,0.9339131631348043,0.30158257484436035
98,SGHMC,620.640300169908,16.327932685311794,2.91774149040143,0.09226708733242832,0.7422928062928063,0.8176895306859205,0.8442240179669716,0.6474140693691854,0.8793284874779428,0.30406689643859863
98,AWSGLD,605.3255915876781,1.0132241030819387,0.30785543198469345,0.009735243551266821,0.8621859941859943,0.868231046931408,0.8927852117580922,0.5360704677389231,0.9495151446471646,0.8015875816345215
98,acMH,641.4931510833267,37.1807835987305,4.738836285530138,0.14985516120927259,0.7331268731268732,0.8231046931407943,0.8540610495236699,1.5945144187797242,0.8839625390555439,169.60424041748047
99,SGLD,922.0664757208975,312.8854227724976,7.023522528515078,0.2221032838761256,0.13704248904248906,0.5920303605313093,0.5906908798919456,1.4804720373473996,0.5823260627991222,0.2989375591278076
99,qSGLD,610.7970314816419,1.6159785332419005,0.3914701474651885,0.012379373019519864,0.8522314442314443,0.8690702087286527,0.891943160862538,0.6684650962944935,0.9417220615314257,0.543790340423584
99,cycSGLD,611.8839192182627,2.7028662698627386,1.0934320573710679,0.03457735767936478,0.8231125511125511,0.8462998102466793,0.871968057239378,0.6096818064256281,0.9270753517256319,0.29889822006225586
99,SGHMC,626.9563719985882,17.775319050188273,3.009537323546333,0.09516992645693505,0.7284626964626966,0.8045540796963947,0.8321287205416402,0.72236694555106,0.8806680279695591,0.3018019199371338
99,AWSGLD,610.1857195983669,1.0046666499669072,0.3082268869100505,0.009746989987388982,0.8554218034218034,0.872865275142315,0.8950003010040866,0.6649194394850718,0.9443055951153565,0.7460014820098877
99,acMH,647.811713664069,38.63066071566902,4.542220996716745,0.14363763985465114,0.5181660381660381,0.7286527514231499,0.7665793826202456,1.746341918436543,0.7727573604631105,167.78251194953918
